id,dom_ok,mltask_ok,causa_provavel
A1US1Ge,Nao,Nao,erro de DOMINIO (estagio 1)
A1US2Ge,Nao,Sim,erro de DOMINIO (estagio 1)
A1US3Ge,Nao,Sim,erro de DOMINIO (estagio 1)
A1US4Ge,Nao,Sim,erro de DOMINIO (estagio 1)
A1US5Ge,Nao,Nao,erro de DOMINIO (estagio 1)
A1US6Ge,Nao,Nao,erro de DOMINIO (estagio 1)
A1US7Ge,Nao,Nao,erro de DOMINIO (estagio 1)
A1US8Ge,Nao,Sim,erro de DOMINIO (estagio 1)
A1US9Ge,Nao,Sim,erro de DOMINIO (estagio 1)
A1US10Ge,Nao,Nao,erro de DOMINIO (estagio 1)
A1US1Ll,Nao,Sim,erro de DOMINIO (estagio 1)
A1US2Ll,Nao,Sim,erro de DOMINIO (estagio 1)
A1US3Ll,Nao,Nao,erro de DOMINIO (estagio 1)
A1US4Ll,Nao,Sim,erro de DOMINIO (estagio 1)
A1US5Ll,Nao,Sim,erro de DOMINIO (estagio 1)
A1US6Ll,Nao,Sim,erro de DOMINIO (estagio 1)
A1US7Ll,Nao,Nao,erro de DOMINIO (estagio 1)
A1US8Ll,Nao,Nao,erro de DOMINIO (estagio 1)
A1US9Ll,Nao,Sim,erro de DOMINIO (estagio 1)
A1US10Ll,Nao,Nao,erro de DOMINIO (estagio 1)
A1US1O1,Nao,Nao,erro de DOMINIO (estagio 1)
A1US2O1,Nao,Sim,erro de DOMINIO (estagio 1)
A1US3O1,Nao,Sim,erro de DOMINIO (estagio 1)
A1US4O1,Sim,Sim,dominio e task ok -> diferenca vem do MAPPING (estagio 3)
A1US5O1,Nao,Sim,erro de DOMINIO (estagio 1)
A1US6O1,Nao,Nao,erro de DOMINIO (estagio 1)
A1US7O1,Nao,Sim,erro de DOMINIO (estagio 1)
A1US8O1,Nao,Nao,erro de DOMINIO (estagio 1)
A1US9O1,Nao,Nao,erro de DOMINIO (estagio 1)
A1US10O1,Nao,Nao,erro de DOMINIO (estagio 1)
A2US1Ge,Nao,Nao,erro de DOMINIO (estagio 1)
A2US2Ge,Nao,Nao,erro de DOMINIO (estagio 1)
A2US3Ge,Nao,Nao,erro de DOMINIO (estagio 1)
A2US4Ge,Nao,Nao,erro de DOMINIO (estagio 1)
A2US5Ge,Nao,Sim,erro de DOMINIO (estagio 1)
A2US6Ge,Nao,Sim,erro de DOMINIO (estagio 1)
A2US7Ge,Nao,Nao,erro de DOMINIO (estagio 1)
A2US8Ge,Nao,Nao,erro de DOMINIO (estagio 1)
A2US9Ge,Nao,Nao,erro de DOMINIO (estagio 1)
A2US10Ge,Nao,Sim,erro de DOMINIO (estagio 1)
A2US1Ll,Nao,Nao,erro de DOMINIO (estagio 1)
A2US2Ll,Nao,Nao,erro de DOMINIO (estagio 1)
A2US3Ll,Nao,Nao,erro de DOMINIO (estagio 1)
A2US4Ll,Nao,Sim,erro de DOMINIO (estagio 1)
A2US5Ll,Nao,Sim,erro de DOMINIO (estagio 1)
A2US6Ll,Nao,Nao,erro de DOMINIO (estagio 1)
A2US7Ll,Nao,Sim,erro de DOMINIO (estagio 1)
A2US8Ll,Nao,Sim,erro de DOMINIO (estagio 1)
A2US9Ll,Nao,Sim,erro de DOMINIO (estagio 1)
A2US10Ll,Nao,Nao,erro de DOMINIO (estagio 1)
A2US1O1,Nao,Nao,erro de DOMINIO (estagio 1)
A2US2O1,Nao,Sim,erro de DOMINIO (estagio 1)
A2US3O1,Nao,Nao,erro de DOMINIO (estagio 1)
A2US4O1,Nao,Nao,erro de DOMINIO (estagio 1)
A2US5O1,Nao,Sim,erro de DOMINIO (estagio 1)
A2US6O1,Nao,Sim,erro de DOMINIO (estagio 1)
A2US7O1,Nao,Sim,erro de DOMINIO (estagio 1)
A2US8O1,Nao,Nao,erro de DOMINIO (estagio 1)
A2US9O1,Nao,Sim,erro de DOMINIO (estagio 1)
A2US10O1,Nao,Nao,erro de DOMINIO (estagio 1)
A3US1Ge,Sim,Sim,dominio e task ok -> diferenca vem do MAPPING (estagio 3)
A3US2Ge,Nao,Nao,erro de DOMINIO (estagio 1)
A3US3Ge,Nao,Nao,erro de DOMINIO (estagio 1)
A3US4Ge,Nao,Nao,erro de DOMINIO (estagio 1)
A3US5Ge,Nao,Nao,erro de DOMINIO (estagio 1)
A3US6Ge,Nao,Nao,erro de DOMINIO (estagio 1)
A3US7Ge,Nao,Nao,erro de DOMINIO (estagio 1)
A3US8Ge,Nao,Nao,erro de DOMINIO (estagio 1)
A3US9Ge,Nao,Nao,erro de DOMINIO (estagio 1)
A3US10Ge,Nao,Nao,erro de DOMINIO (estagio 1)
A3US1Ll,Sim,Nao,"dominio ok, erro/vazio de ML TASK (estagio 2)"
A3US2Ll,Nao,Nao,erro de DOMINIO (estagio 1)
A3US3Ll,Nao,Nao,erro de DOMINIO (estagio 1)
A3US4Ll,Nao,Nao,erro de DOMINIO (estagio 1)
A3US5Ll,Sim,Nao,"dominio ok, erro/vazio de ML TASK (estagio 2)"
A3US6Ll,Nao,Nao,erro de DOMINIO (estagio 1)
A3US7Ll,Nao,Nao,erro de DOMINIO (estagio 1)
A3US8Ll,Nao,Nao,erro de DOMINIO (estagio 1)
A3US9Ll,Sim,Nao,"dominio ok, erro/vazio de ML TASK (estagio 2)"
A3US10Ll,Nao,Nao,erro de DOMINIO (estagio 1)
A3US1O1,Sim,Sim,dominio e task ok -> diferenca vem do MAPPING (estagio 3)
A3US2O1,Nao,Nao,erro de DOMINIO (estagio 1)
A3US3O1,Nao,Nao,erro de DOMINIO (estagio 1)
A3US4O1,Nao,Nao,erro de DOMINIO (estagio 1)
A3US5O1,Nao,Nao,erro de DOMINIO (estagio 1)
A3US6O1,Nao,Nao,erro de DOMINIO (estagio 1)
A3US7O1,Nao,Nao,erro de DOMINIO (estagio 1)
A3US8O1,Nao,Nao,erro de DOMINIO (estagio 1)
A3US9O1,Nao,Nao,erro de DOMINIO (estagio 1)
A3US10O1,Nao,Nao,erro de DOMINIO (estagio 1)
A4US1Ge,Nao,Nao,erro de DOMINIO (estagio 1)
A4US2Ge,Nao,Nao,erro de DOMINIO (estagio 1)
A4US3Ge,Nao,Nao,erro de DOMINIO (estagio 1)
A4US4Ge,Nao,Nao,erro de DOMINIO (estagio 1)
A4US5Ge,Nao,Nao,erro de DOMINIO (estagio 1)
A4US6Ge,Nao,Sim,erro de DOMINIO (estagio 1)
A4US7Ge,Nao,Nao,erro de DOMINIO (estagio 1)
A4US8Ge,Nao,Nao,erro de DOMINIO (estagio 1)
A4US9Ge,Nao,Nao,erro de DOMINIO (estagio 1)
A4US10Ge,Nao,Nao,erro de DOMINIO (estagio 1)
A4US1Ll,Nao,Nao,erro de DOMINIO (estagio 1)
A4US2Ll,Nao,Nao,erro de DOMINIO (estagio 1)
A4US3Ll,Nao,Nao,erro de DOMINIO (estagio 1)
A4US4Ll,Nao,Nao,erro de DOMINIO (estagio 1)
A4US5Ll,Nao,Nao,erro de DOMINIO (estagio 1)
A4US6Ll,Nao,Nao,erro de DOMINIO (estagio 1)
A4US7Ll,Nao,Nao,erro de DOMINIO (estagio 1)
A4US8Ll,Nao,Nao,erro de DOMINIO (estagio 1)
A4US9Ll,Nao,Nao,erro de DOMINIO (estagio 1)
A4US10Ll,Nao,Nao,erro de DOMINIO (estagio 1)
A4US1O1,Nao,Nao,erro de DOMINIO (estagio 1)
A4US2O1,Nao,Nao,erro de DOMINIO (estagio 1)
A4US3O1,Nao,Nao,erro de DOMINIO (estagio 1)
A4US4O1,Nao,Nao,erro de DOMINIO (estagio 1)
A4US5O1,Nao,Nao,erro de DOMINIO (estagio 1)
A4US6O1,Nao,Nao,erro de DOMINIO (estagio 1)
A4US7O1,Nao,Nao,erro de DOMINIO (estagio 1)
A4US8O1,Nao,Nao,erro de DOMINIO (estagio 1)
A4US9O1,Nao,Nao,erro de DOMINIO (estagio 1)
A4US10O1,Nao,Nao,erro de DOMINIO (estagio 1)
A5US1Ge,Sim,Nao,"dominio ok, erro/vazio de ML TASK (estagio 2)"
A5US2Ge,Nao,Nao,erro de DOMINIO (estagio 1)
A5US3Ge,Nao,Nao,erro de DOMINIO (estagio 1)
A5US4Ge,Nao,Nao,erro de DOMINIO (estagio 1)
A5US5Ge,Nao,Nao,erro de DOMINIO (estagio 1)
A5US6Ge,Nao,Nao,erro de DOMINIO (estagio 1)
A5US7Ge,Nao,Nao,erro de DOMINIO (estagio 1)
A5US8Ge,Nao,Nao,erro de DOMINIO (estagio 1)
A5US9Ge,Nao,Nao,erro de DOMINIO (estagio 1)
A5US10Ge,Nao,Nao,erro de DOMINIO (estagio 1)
A5US1Ll,Nao,Nao,erro de DOMINIO (estagio 1)
A5US2Ll,Sim,Nao,"dominio ok, erro/vazio de ML TASK (estagio 2)"
A5US3Ll,Nao,Nao,erro de DOMINIO (estagio 1)
A5US4Ll,Sim,Nao,"dominio ok, erro/vazio de ML TASK (estagio 2)"
A5US5Ll,Nao,Nao,erro de DOMINIO (estagio 1)
A5US6Ll,Nao,Nao,erro de DOMINIO (estagio 1)
A5US7Ll,Nao,Nao,erro de DOMINIO (estagio 1)
A5US8Ll,Nao,Nao,erro de DOMINIO (estagio 1)
A5US9Ll,Nao,Nao,erro de DOMINIO (estagio 1)
A5US10Ll,Sim,Nao,"dominio ok, erro/vazio de ML TASK (estagio 2)"
A5US1O1,Nao,Nao,erro de DOMINIO (estagio 1)
A5US2O1,Nao,Nao,erro de DOMINIO (estagio 1)
A5US3O1,Nao,Nao,erro de DOMINIO (estagio 1)
A5US4O1,Nao,Nao,erro de DOMINIO (estagio 1)
A5US5O1,Sim,Nao,"dominio ok, erro/vazio de ML TASK (estagio 2)"
A5US6O1,Nao,Nao,erro de DOMINIO (estagio 1)
A5US7O1,Nao,Nao,erro de DOMINIO (estagio 1)
A5US8O1,Nao,Nao,erro de DOMINIO (estagio 1)
A5US9O1,Nao,Nao,erro de DOMINIO (estagio 1)
A5US10O1,Nao,Nao,erro de DOMINIO (estagio 1)
A6US1Ge,Nao,Nao,erro de DOMINIO (estagio 1)
A6US2Ge,Nao,Sim,erro de DOMINIO (estagio 1)
A6US3Ge,Nao,Nao,erro de DOMINIO (estagio 1)
A6US4Ge,Nao,Sim,erro de DOMINIO (estagio 1)
A6US5Ge,Nao,Sim,erro de DOMINIO (estagio 1)
A6US6Ge,Nao,Nao,erro de DOMINIO (estagio 1)
A6US7Ge,Nao,Nao,erro de DOMINIO (estagio 1)
A6US8Ge,Nao,Sim,erro de DOMINIO (estagio 1)
A6US9Ge,Nao,Sim,erro de DOMINIO (estagio 1)
A6US10Ge,Nao,Sim,erro de DOMINIO (estagio 1)
A6US1Ll,Nao,Sim,erro de DOMINIO (estagio 1)
A6US2Ll,Nao,Sim,erro de DOMINIO (estagio 1)
A6US3Ll,Nao,Nao,erro de DOMINIO (estagio 1)
A6US4Ll,Nao,Nao,erro de DOMINIO (estagio 1)
A6US5Ll,Nao,Nao,erro de DOMINIO (estagio 1)
A6US6Ll,Nao,Nao,erro de DOMINIO (estagio 1)
A6US7Ll,Nao,Nao,erro de DOMINIO (estagio 1)
A6US8Ll,Nao,Sim,erro de DOMINIO (estagio 1)
A6US9Ll,Nao,Nao,erro de DOMINIO (estagio 1)
A6US10Ll,Nao,Sim,erro de DOMINIO (estagio 1)
A6US1O1,Nao,Nao,erro de DOMINIO (estagio 1)
A6US2O1,Nao,Sim,erro de DOMINIO (estagio 1)
A6US3O1,Nao,Sim,erro de DOMINIO (estagio 1)
A6US4O1,Nao,Sim,erro de DOMINIO (estagio 1)
A6US5O1,Nao,Nao,erro de DOMINIO (estagio 1)
A6US6O1,Sim,Nao,"dominio ok, erro/vazio de ML TASK (estagio 2)"
A6US7O1,Nao,Nao,erro de DOMINIO (estagio 1)
A6US8O1,Nao,Nao,erro de DOMINIO (estagio 1)
A6US9O1,Nao,Sim,erro de DOMINIO (estagio 1)
A6US10O1,Nao,Nao,erro de DOMINIO (estagio 1)
A7US1Ge,Nao,Sim,erro de DOMINIO (estagio 1)
A7US2Ge,Nao,Nao,erro de DOMINIO (estagio 1)
A7US3Ge,Nao,Nao,erro de DOMINIO (estagio 1)
A7US4Ge,Nao,Nao,erro de DOMINIO (estagio 1)
A7US5Ge,Nao,Sim,erro de DOMINIO (estagio 1)
A7US6Ge,Nao,Nao,erro de DOMINIO (estagio 1)
A7US7Ge,Nao,Nao,erro de DOMINIO (estagio 1)
A7US8Ge,Nao,Sim,erro de DOMINIO (estagio 1)
A7US9Ge,Nao,Nao,erro de DOMINIO (estagio 1)
A7US10Ge,Nao,Sim,erro de DOMINIO (estagio 1)
A7US1Ll,Nao,Sim,erro de DOMINIO (estagio 1)
A7US2Ll,Nao,Sim,erro de DOMINIO (estagio 1)
A7US3Ll,Nao,Sim,erro de DOMINIO (estagio 1)
A7US4Ll,Nao,Sim,erro de DOMINIO (estagio 1)
A7US5Ll,Nao,Sim,erro de DOMINIO (estagio 1)
A7US6Ll,Nao,Sim,erro de DOMINIO (estagio 1)
A7US7Ll,Nao,Nao,erro de DOMINIO (estagio 1)
A7US8Ll,Nao,Nao,erro de DOMINIO (estagio 1)
A7US9Ll,Nao,Nao,erro de DOMINIO (estagio 1)
A7US10Ll,Nao,Sim,erro de DOMINIO (estagio 1)
A7US1O1,Nao,Nao,erro de DOMINIO (estagio 1)
A7US2O1,Nao,Nao,erro de DOMINIO (estagio 1)
A7US3O1,Nao,Sim,erro de DOMINIO (estagio 1)
A7US4O1,Nao,Nao,erro de DOMINIO (estagio 1)
A7US5O1,Nao,Sim,erro de DOMINIO (estagio 1)
A7US6O1,Nao,Sim,erro de DOMINIO (estagio 1)
A7US7O1,Nao,Nao,erro de DOMINIO (estagio 1)
A7US8O1,Nao,Sim,erro de DOMINIO (estagio 1)
A7US9O1,Nao,Sim,erro de DOMINIO (estagio 1)
A7US10O1,Nao,Sim,erro de DOMINIO (estagio 1)
A8US1Ge,Nao,Nao,erro de DOMINIO (estagio 1)
A8US2Ge,Nao,Nao,erro de DOMINIO (estagio 1)
A8US3Ge,Nao,Nao,erro de DOMINIO (estagio 1)
A8US4Ge,Nao,Nao,erro de DOMINIO (estagio 1)
A8US5Ge,Nao,Nao,erro de DOMINIO (estagio 1)
A8US6Ge,Nao,Nao,erro de DOMINIO (estagio 1)
A8US7Ge,Sim,Nao,"dominio ok, erro/vazio de ML TASK (estagio 2)"
A8US8Ge,Nao,Nao,erro de DOMINIO (estagio 1)
A8US9Ge,Sim,Nao,"dominio ok, erro/vazio de ML TASK (estagio 2)"
A8US10Ge,Nao,Sim,erro de DOMINIO (estagio 1)
A8US1Ll,Nao,Nao,erro de DOMINIO (estagio 1)
A8US2Ll,Sim,Nao,"dominio ok, erro/vazio de ML TASK (estagio 2)"
A8US3Ll,Nao,Nao,erro de DOMINIO (estagio 1)
A8US4Ll,Nao,Nao,erro de DOMINIO (estagio 1)
A8US5Ll,Nao,Nao,erro de DOMINIO (estagio 1)
A8US6Ll,Sim,Nao,"dominio ok, erro/vazio de ML TASK (estagio 2)"
A8US7Ll,Nao,Nao,erro de DOMINIO (estagio 1)
A8US8Ll,Nao,Nao,erro de DOMINIO (estagio 1)
A8US9Ll,Nao,Nao,erro de DOMINIO (estagio 1)
A8US10Ll,Nao,Nao,erro de DOMINIO (estagio 1)
A8US1O1,Sim,Nao,"dominio ok, erro/vazio de ML TASK (estagio 2)"
A8US2O1,Nao,Nao,erro de DOMINIO (estagio 1)
A8US3O1,Nao,Nao,erro de DOMINIO (estagio 1)
A8US4O1,Nao,Nao,erro de DOMINIO (estagio 1)
A8US5O1,Nao,Nao,erro de DOMINIO (estagio 1)
A8US6O1,Sim,Nao,"dominio ok, erro/vazio de ML TASK (estagio 2)"
A8US7O1,Nao,Nao,erro de DOMINIO (estagio 1)
A8US8O1,Nao,Nao,erro de DOMINIO (estagio 1)
A8US9O1,Nao,Nao,erro de DOMINIO (estagio 1)
A8US10O1,Nao,Nao,erro de DOMINIO (estagio 1)
A9US1Ge,Nao,Sim,erro de DOMINIO (estagio 1)
A9US2Ge,Nao,Nao,erro de DOMINIO (estagio 1)
A9US3Ge,Nao,Nao,erro de DOMINIO (estagio 1)
A9US4Ge,Nao,Sim,erro de DOMINIO (estagio 1)
A9US5Ge,Nao,Sim,erro de DOMINIO (estagio 1)
A9US6Ge,Nao,Sim,erro de DOMINIO (estagio 1)
A9US7Ge,Nao,Sim,erro de DOMINIO (estagio 1)
A9US8Ge,Nao,Nao,erro de DOMINIO (estagio 1)
A9US9Ge,Nao,Nao,erro de DOMINIO (estagio 1)
A9US10Ge,Nao,Sim,erro de DOMINIO (estagio 1)
A9US1Ll,Nao,Nao,erro de DOMINIO (estagio 1)
A9US2Ll,Nao,Nao,erro de DOMINIO (estagio 1)
A9US3Ll,Nao,Sim,erro de DOMINIO (estagio 1)
A9US4Ll,Nao,Sim,erro de DOMINIO (estagio 1)
A9US5Ll,Nao,Sim,erro de DOMINIO (estagio 1)
A9US9Ll,Nao,Nao,erro de DOMINIO (estagio 1)
A9US7Ll,Nao,Sim,erro de DOMINIO (estagio 1)
A9US8Ll,Nao,Nao,erro de DOMINIO (estagio 1)
A9US10Ll,Nao,Sim,erro de DOMINIO (estagio 1)
A9US1O1,Sim,Sim,dominio e task ok -> diferenca vem do MAPPING (estagio 3)
A9US2O1,Nao,Sim,erro de DOMINIO (estagio 1)
A9US3O1,Nao,Sim,erro de DOMINIO (estagio 1)
A9US4O1,Nao,Nao,erro de DOMINIO (estagio 1)
A9US5O1,Nao,Sim,erro de DOMINIO (estagio 1)
A9US6O1,Nao,Sim,erro de DOMINIO (estagio 1)
A9US7O1,Nao,Nao,erro de DOMINIO (estagio 1)
A9US8O1,Nao,Nao,erro de DOMINIO (estagio 1)
A9US9O1,Nao,Nao,erro de DOMINIO (estagio 1)
A9US10O1,Nao,Nao,erro de DOMINIO (estagio 1)
A10US1Ge,Nao,Nao,erro de DOMINIO (estagio 1)
A10US2Ge,Nao,Nao,erro de DOMINIO (estagio 1)
A10US3Ge,Nao,Nao,erro de DOMINIO (estagio 1)
A10US4Ge,Nao,Nao,erro de DOMINIO (estagio 1)
A10US5Ge,Nao,Nao,erro de DOMINIO (estagio 1)
A10US6Ge,Nao,Sim,erro de DOMINIO (estagio 1)
A10US7Ge,Nao,Nao,erro de DOMINIO (estagio 1)
A10US8Ge,Nao,Sim,erro de DOMINIO (estagio 1)
A10US10Ge,Nao,Nao,erro de DOMINIO (estagio 1)
A10US1Ll,Nao,Nao,erro de DOMINIO (estagio 1)
A10US2Ll,Nao,Nao,erro de DOMINIO (estagio 1)
A10US3Ll,Nao,Nao,erro de DOMINIO (estagio 1)
A10US4Ll,Nao,Nao,erro de DOMINIO (estagio 1)
A10US5Ll,Nao,Nao,erro de DOMINIO (estagio 1)
A10US6Ll,Nao,Nao,erro de DOMINIO (estagio 1)
A10US7Ll,Nao,Nao,erro de DOMINIO (estagio 1)
A10US8Ll,Nao,Nao,erro de DOMINIO (estagio 1)
A10US9Ll,Nao,Nao,erro de DOMINIO (estagio 1)
A10US10Ll,Nao,Nao,erro de DOMINIO (estagio 1)
A10US1O1,Nao,Nao,erro de DOMINIO (estagio 1)
A10US2O1,Sim,Nao,"dominio ok, erro/vazio de ML TASK (estagio 2)"
A10US3O1,Nao,Sim,erro de DOMINIO (estagio 1)
A10US4O1,Nao,Nao,erro de DOMINIO (estagio 1)
A10US5O1,Nao,Nao,erro de DOMINIO (estagio 1)
A10US6O1,Nao,Nao,erro de DOMINIO (estagio 1)
A10US7O1,Nao,Nao,erro de DOMINIO (estagio 1)
A10US8O1,Nao,Nao,erro de DOMINIO (estagio 1)
A10US9O1,Nao,Nao,erro de DOMINIO (estagio 1)
A10US10O1,Nao,Nao,erro de DOMINIO (estagio 1)
A11US1Ge,Nao,Nao,erro de DOMINIO (estagio 1)
A11US2Ge,Nao,Nao,erro de DOMINIO (estagio 1)
A11US3Ge,Nao,Nao,erro de DOMINIO (estagio 1)
A11US4Ge,Nao,Nao,erro de DOMINIO (estagio 1)
A11US5Ge,Nao,Sim,erro de DOMINIO (estagio 1)
A11US6Ge,Nao,Nao,erro de DOMINIO (estagio 1)
A11US7Ge,Nao,Sim,erro de DOMINIO (estagio 1)
A11US8Ge,Nao,Nao,erro de DOMINIO (estagio 1)
A11US9Ge,Nao,Nao,erro de DOMINIO (estagio 1)
A11US10Ge,Nao,Sim,erro de DOMINIO (estagio 1)
A11US1Ll,Nao,Nao,erro de DOMINIO (estagio 1)
A11US2Ll,Nao,Sim,erro de DOMINIO (estagio 1)
A11US3Ll,Nao,Nao,erro de DOMINIO (estagio 1)
A11US4Ll,Nao,Nao,erro de DOMINIO (estagio 1)
A11US5Ll,Nao,Nao,erro de DOMINIO (estagio 1)
A11US6Ll,Nao,Nao,erro de DOMINIO (estagio 1)
A11US7Ll,Nao,Nao,erro de DOMINIO (estagio 1)
A11US8Ll,Nao,Nao,erro de DOMINIO (estagio 1)
A11US9Ll,Nao,Nao,erro de DOMINIO (estagio 1)
A11US10Ll,Nao,Nao,erro de DOMINIO (estagio 1)
A11US1O1,Nao,Sim,erro de DOMINIO (estagio 1)
A11US2O1,Nao,Nao,erro de DOMINIO (estagio 1)
A11US3O1,Nao,Nao,erro de DOMINIO (estagio 1)
A11US4O1,Nao,Nao,erro de DOMINIO (estagio 1)
A11US5O1,Nao,Nao,erro de DOMINIO (estagio 1)
A11US6O1,Nao,Nao,erro de DOMINIO (estagio 1)
A11US7O1,Nao,Nao,erro de DOMINIO (estagio 1)
A11US8O1,Nao,Nao,erro de DOMINIO (estagio 1)
A11US9O1,Nao,Nao,erro de DOMINIO (estagio 1)
A11US10O1,Nao,Nao,erro de DOMINIO (estagio 1)
A12US1Ge,Nao,Sim,erro de DOMINIO (estagio 1)
A12US2Ge,Nao,Nao,erro de DOMINIO (estagio 1)
A12US3Ge,Nao,Nao,erro de DOMINIO (estagio 1)
A12US4Ge,Nao,Sim,erro de DOMINIO (estagio 1)
A12US5Ge,Nao,Sim,erro de DOMINIO (estagio 1)
A12US6Ge,Nao,Sim,erro de DOMINIO (estagio 1)
A12US7Ge,Nao,Nao,erro de DOMINIO (estagio 1)
A12US8Ge,Nao,Nao,erro de DOMINIO (estagio 1)
A12US9Ge,Nao,Nao,erro de DOMINIO (estagio 1)
A12US10Ge,Nao,Sim,erro de DOMINIO (estagio 1)
A12US1Ll,Nao,Sim,erro de DOMINIO (estagio 1)
A12US2Ll,Nao,Sim,erro de DOMINIO (estagio 1)
A12US3Ll,Nao,Nao,erro de DOMINIO (estagio 1)
A12US4Ll,Nao,Nao,erro de DOMINIO (estagio 1)
A12US5Ll,Nao,Nao,erro de DOMINIO (estagio 1)
A12US6Ll,Nao,Sim,erro de DOMINIO (estagio 1)
A12US7Ll,Nao,Sim,erro de DOMINIO (estagio 1)
A12US8Ll,Nao,Nao,erro de DOMINIO (estagio 1)
A12US9Ll,Nao,Nao,erro de DOMINIO (estagio 1)
A12US10Ll,Nao,Nao,erro de DOMINIO (estagio 1)
A12US1O1,Nao,Sim,erro de DOMINIO (estagio 1)
A12US2O1,Nao,Sim,erro de DOMINIO (estagio 1)
A12US3O1,Nao,Sim,erro de DOMINIO (estagio 1)
A12US4O1,Nao,Sim,erro de DOMINIO (estagio 1)
A12US5O1,Nao,Nao,erro de DOMINIO (estagio 1)
A12US6O1,Nao,Nao,erro de DOMINIO (estagio 1)
A12US7O1,Nao,Sim,erro de DOMINIO (estagio 1)
A12US8O1,Nao,Sim,erro de DOMINIO (estagio 1)
A12US9O1,Nao,Nao,erro de DOMINIO (estagio 1)
A12US10O1,Nao,Sim,erro de DOMINIO (estagio 1)
A13US1Ge,Nao,Nao,erro de DOMINIO (estagio 1)
A13US2Ge,Sim,Nao,"dominio ok, erro/vazio de ML TASK (estagio 2)"
A13US3Ge,Nao,Nao,erro de DOMINIO (estagio 1)
A13US4Ge,Nao,Sim,erro de DOMINIO (estagio 1)
A13US5Ge,Nao,Sim,erro de DOMINIO (estagio 1)
A13US6Ge,Nao,Nao,erro de DOMINIO (estagio 1)
A13US7Ge,Nao,Sim,erro de DOMINIO (estagio 1)
A13US8Ge,Nao,Sim,erro de DOMINIO (estagio 1)
A13US9Ge,Nao,Sim,erro de DOMINIO (estagio 1)
A13US10Ge,Nao,Sim,erro de DOMINIO (estagio 1)
A13US1Ll,Nao,Sim,erro de DOMINIO (estagio 1)
A13US2Ll,Sim,Nao,"dominio ok, erro/vazio de ML TASK (estagio 2)"
A13US3Ll,Nao,Nao,erro de DOMINIO (estagio 1)
A13US4Ll,Nao,Sim,erro de DOMINIO (estagio 1)
A13US5Ll,Nao,Sim,erro de DOMINIO (estagio 1)
A13US6Ll,Nao,Nao,erro de DOMINIO (estagio 1)
A13US7Ll,Nao,Nao,erro de DOMINIO (estagio 1)
A13US8Ll,Sim,Nao,"dominio ok, erro/vazio de ML TASK (estagio 2)"
A13US9Ll,Nao,Sim,erro de DOMINIO (estagio 1)
A13US10Ll,Nao,Sim,erro de DOMINIO (estagio 1)
A13US1O1,Nao,Nao,erro de DOMINIO (estagio 1)
A13US2O1,Sim,Nao,"dominio ok, erro/vazio de ML TASK (estagio 2)"
A13US3O1,Nao,Sim,erro de DOMINIO (estagio 1)
A13US4O1,Nao,Sim,erro de DOMINIO (estagio 1)
A13US5O1,Nao,Sim,erro de DOMINIO (estagio 1)
A13US6O1,Sim,Nao,"dominio ok, erro/vazio de ML TASK (estagio 2)"
A13US7O1,Nao,Sim,erro de DOMINIO (estagio 1)
A13US8O1,Nao,Nao,erro de DOMINIO (estagio 1)
A13US9O1,Nao,Nao,erro de DOMINIO (estagio 1)
A13US10O1,Nao,Nao,erro de DOMINIO (estagio 1)
A14US1Ge,Nao,Nao,erro de DOMINIO (estagio 1)
A14US2Ge,Nao,Nao,erro de DOMINIO (estagio 1)
A14US3Ge,Nao,Nao,erro de DOMINIO (estagio 1)
A14US4Ge,Nao,Nao,erro de DOMINIO (estagio 1)
A14US5Ge,Nao,Nao,erro de DOMINIO (estagio 1)
A14US6Ge,Nao,Nao,erro de DOMINIO (estagio 1)
A14US7Ge,Nao,Nao,erro de DOMINIO (estagio 1)
A14US8Ge,Nao,Nao,erro de DOMINIO (estagio 1)
A14US9Ge,Nao,Nao,erro de DOMINIO (estagio 1)
A14US10Ge,Nao,Nao,erro de DOMINIO (estagio 1)
A14US1Ll,Nao,Nao,erro de DOMINIO (estagio 1)
A14US2Ll,Nao,Nao,erro de DOMINIO (estagio 1)
A14US3Ll,Nao,Nao,erro de DOMINIO (estagio 1)
A14US4Ll,Nao,Nao,erro de DOMINIO (estagio 1)
A14US5Ll,Nao,Nao,erro de DOMINIO (estagio 1)
A14US6Ll,Nao,Nao,erro de DOMINIO (estagio 1)
A14US7Ll,Nao,Nao,erro de DOMINIO (estagio 1)
A14US8Ll,Nao,Nao,erro de DOMINIO (estagio 1)
A14US9Ll,Nao,Nao,erro de DOMINIO (estagio 1)
A14US10Ll,Nao,Nao,erro de DOMINIO (estagio 1)
A14US1O1,Nao,Nao,erro de DOMINIO (estagio 1)
A14US2O1,Sim,Sim,dominio e task ok -> diferenca vem do MAPPING (estagio 3)
A14US3O1,Nao,Nao,erro de DOMINIO (estagio 1)
A14US4O1,Nao,Nao,erro de DOMINIO (estagio 1)
A14US5O1,Nao,Nao,erro de DOMINIO (estagio 1)
A14US6O1,Nao,Nao,erro de DOMINIO (estagio 1)
A14US7O1,Nao,Nao,erro de DOMINIO (estagio 1)
A14US8O1,Nao,Nao,erro de DOMINIO (estagio 1)
A14US9O1,Nao,Nao,erro de DOMINIO (estagio 1)
A14US10O1,Nao,Nao,erro de DOMINIO (estagio 1)
A15US1Ge,Nao,Nao,erro de DOMINIO (estagio 1)
A15US2Ge,Nao,Nao,erro de DOMINIO (estagio 1)
A15US3Ge,Nao,Nao,erro de DOMINIO (estagio 1)
A15US4Ge,Nao,Sim,erro de DOMINIO (estagio 1)
A15US5Ge,Nao,Sim,erro de DOMINIO (estagio 1)
A15US6Ge,Nao,Sim,erro de DOMINIO (estagio 1)
A15US7Ge,Nao,Nao,erro de DOMINIO (estagio 1)
A15US8Ge,Nao,Nao,erro de DOMINIO (estagio 1)
A15US9Ge,Nao,Nao,erro de DOMINIO (estagio 1)
A15US10Ge,Nao,Nao,erro de DOMINIO (estagio 1)
A15US1Ll,Nao,Sim,erro de DOMINIO (estagio 1)
A15US2Ll,Nao,Sim,erro de DOMINIO (estagio 1)
A15US3Ll,Nao,Nao,erro de DOMINIO (estagio 1)
A15US4Ll,Nao,Sim,erro de DOMINIO (estagio 1)
A15US5Ll,Nao,Sim,erro de DOMINIO (estagio 1)
A15US6Ll,Nao,Nao,erro de DOMINIO (estagio 1)
A15US7Ll,Nao,Sim,erro de DOMINIO (estagio 1)
A15US8Ll,Nao,Nao,erro de DOMINIO (estagio 1)
A15US9Ll,Nao,Sim,erro de DOMINIO (estagio 1)
A15US10Ll,Sim,Nao,"dominio ok, erro/vazio de ML TASK (estagio 2)"
A15US1O1,Nao,Nao,erro de DOMINIO (estagio 1)
A15US2O1,Nao,Sim,erro de DOMINIO (estagio 1)
A15US3O1,Sim,Sim,dominio e task ok -> diferenca vem do MAPPING (estagio 3)
A15US4O1,Nao,Nao,erro de DOMINIO (estagio 1)
A15US5O1,Nao,Nao,erro de DOMINIO (estagio 1)
A15US6O1,Nao,Sim,erro de DOMINIO (estagio 1)
A15US7O1,Nao,Nao,erro de DOMINIO (estagio 1)
A15US8O1,Nao,Nao,erro de DOMINIO (estagio 1)
A15US9O1,Nao,Nao,erro de DOMINIO (estagio 1)
A15US10O1,Nao,Sim,erro de DOMINIO (estagio 1)
A16US1Ge,Sim,Nao,"dominio ok, erro/vazio de ML TASK (estagio 2)"
A16US2Ge,Nao,Nao,erro de DOMINIO (estagio 1)
A16US3Ge,Nao,Nao,erro de DOMINIO (estagio 1)
A16US4Ge,Nao,Sim,erro de DOMINIO (estagio 1)
A16US5Ge,Nao,Sim,erro de DOMINIO (estagio 1)
A16US6Ge,Nao,Nao,erro de DOMINIO (estagio 1)
A16US7Ge,Nao,Sim,erro de DOMINIO (estagio 1)
A16US8Ge,Nao,Nao,erro de DOMINIO (estagio 1)
A16US9Ge,Nao,Sim,erro de DOMINIO (estagio 1)
A16US10Ge,Nao,Nao,erro de DOMINIO (estagio 1)
A16US1Ll,Nao,Sim,erro de DOMINIO (estagio 1)
A16US2Ll,Nao,Nao,erro de DOMINIO (estagio 1)
A16US3Ll,Nao,Nao,erro de DOMINIO (estagio 1)
A16US4Ll,Nao,Nao,erro de DOMINIO (estagio 1)
A16US5Ll,Nao,Nao,erro de DOMINIO (estagio 1)
A16US6Ll,Nao,Nao,erro de DOMINIO (estagio 1)
A16US7Ll,Nao,Sim,erro de DOMINIO (estagio 1)
A16US8Ll,Nao,Nao,erro de DOMINIO (estagio 1)
A16US9Ll,Nao,Sim,erro de DOMINIO (estagio 1)
A16US10Ll,Nao,Nao,erro de DOMINIO (estagio 1)
A16US1O1,Nao,Nao,erro de DOMINIO (estagio 1)
A16US2O1,Nao,Nao,erro de DOMINIO (estagio 1)
A16US3O1,Nao,Sim,erro de DOMINIO (estagio 1)
A16US4O1,Nao,Nao,erro de DOMINIO (estagio 1)
A16US5O1,Nao,Nao,erro de DOMINIO (estagio 1)
A16US6O1,Nao,Sim,erro de DOMINIO (estagio 1)
A16US7O1,Nao,Nao,erro de DOMINIO (estagio 1)
A16US8O1,Nao,Sim,erro de DOMINIO (estagio 1)
A16US9O1,Nao,Nao,erro de DOMINIO (estagio 1)
A16US10O1,Nao,Nao,erro de DOMINIO (estagio 1)
A17US1Ge,Nao,Nao,erro de DOMINIO (estagio 1)
A17US2Ge,Sim,Nao,"dominio ok, erro/vazio de ML TASK (estagio 2)"
A17US3Ge,Nao,Nao,erro de DOMINIO (estagio 1)
A17US4Ge,Nao,Sim,erro de DOMINIO (estagio 1)
A17US5Ge,Nao,Nao,erro de DOMINIO (estagio 1)
A17US6Ge,Nao,Sim,erro de DOMINIO (estagio 1)
A17US7Ge,Nao,Nao,erro de DOMINIO (estagio 1)
A17US8Ge,Nao,Sim,erro de DOMINIO (estagio 1)
A17US9Ge,Sim,Nao,"dominio ok, erro/vazio de ML TASK (estagio 2)"
A17US10Ge,Nao,Sim,erro de DOMINIO (estagio 1)
A17US1Ll,Nao,Nao,erro de DOMINIO (estagio 1)
A17US2Ll,Nao,Sim,erro de DOMINIO (estagio 1)
A17US3Ll,Nao,Sim,erro de DOMINIO (estagio 1)
A17US4Ll,Nao,Sim,erro de DOMINIO (estagio 1)
A17US5Ll,Sim,Nao,"dominio ok, erro/vazio de ML TASK (estagio 2)"
A17US6Ll,Nao,Sim,erro de DOMINIO (estagio 1)
A17US7Ll,Sim,Nao,"dominio ok, erro/vazio de ML TASK (estagio 2)"
A17US8Ll,Sim,Sim,dominio e task ok -> diferenca vem do MAPPING (estagio 3)
A17US9Ll,Nao,Sim,erro de DOMINIO (estagio 1)
A17US10Ll,Nao,Nao,erro de DOMINIO (estagio 1)
A17US1O1,Nao,Nao,erro de DOMINIO (estagio 1)
A17US2O1,Nao,Nao,erro de DOMINIO (estagio 1)
A17US3O1,Nao,Sim,erro de DOMINIO (estagio 1)
A17US4O1,Nao,Nao,erro de DOMINIO (estagio 1)
A17US5O1,Nao,Sim,erro de DOMINIO (estagio 1)
A17US6O1,Sim,Sim,dominio e task ok -> diferenca vem do MAPPING (estagio 3)
A17US7O1,Nao,Nao,erro de DOMINIO (estagio 1)
A17US8O1,Nao,Nao,erro de DOMINIO (estagio 1)
A17US9O1,Nao,Sim,erro de DOMINIO (estagio 1)
A17US10O1,Nao,Nao,erro de DOMINIO (estagio 1)
A18US1Ge,Sim,Nao,"dominio ok, erro/vazio de ML TASK (estagio 2)"
A18US2Ge,Nao,Sim,erro de DOMINIO (estagio 1)
A18US3Ge,Nao,Nao,erro de DOMINIO (estagio 1)
A18US4Ge,Nao,Nao,erro de DOMINIO (estagio 1)
A18US5Ge,Nao,Sim,erro de DOMINIO (estagio 1)
A18US6Ge,Nao,Nao,erro de DOMINIO (estagio 1)
A18US7Ge,Nao,Sim,erro de DOMINIO (estagio 1)
A18US8Ge,Nao,Sim,erro de DOMINIO (estagio 1)
A18US9Ge,Nao,Nao,erro de DOMINIO (estagio 1)
A18US10Ge,Nao,Sim,erro de DOMINIO (estagio 1)
A18US1Ll,Sim,Nao,"dominio ok, erro/vazio de ML TASK (estagio 2)"
A18US2Ll,Nao,Sim,erro de DOMINIO (estagio 1)
A18US3Ll,Nao,Sim,erro de DOMINIO (estagio 1)
A18US4Ll,Nao,Nao,erro de DOMINIO (estagio 1)
A18US5Ll,Sim,Sim,dominio e task ok -> diferenca vem do MAPPING (estagio 3)
A18US6Ll,Nao,Sim,erro de DOMINIO (estagio 1)
A18US7Ll,Nao,Sim,erro de DOMINIO (estagio 1)
A18US8Ll,Nao,Nao,erro de DOMINIO (estagio 1)
A18US9Ll,Sim,Sim,dominio e task ok -> diferenca vem do MAPPING (estagio 3)
A18US10Ll,Nao,Sim,erro de DOMINIO (estagio 1)
A18US1O1,Sim,Sim,dominio e task ok -> diferenca vem do MAPPING (estagio 3)
A18US2O1,Nao,Sim,erro de DOMINIO (estagio 1)
A18US3O1,Nao,Sim,erro de DOMINIO (estagio 1)
A18US4O1,Nao,Nao,erro de DOMINIO (estagio 1)
A18US5O1,Nao,Sim,erro de DOMINIO (estagio 1)
A18US6O1,Nao,Sim,erro de DOMINIO (estagio 1)
A18US7O1,Nao,Nao,erro de DOMINIO (estagio 1)
A18US8O1,Nao,Nao,erro de DOMINIO (estagio 1)
A18US9O1,Nao,Nao,erro de DOMINIO (estagio 1)
A18US10O1,Nao,Nao,erro de DOMINIO (estagio 1)
A19US1Ge,Nao,Nao,erro de DOMINIO (estagio 1)
A19US2Ge,Nao,Nao,erro de DOMINIO (estagio 1)
A19US3Ge,Sim,Nao,"dominio ok, erro/vazio de ML TASK (estagio 2)"
A19US4Ge,Nao,Sim,erro de DOMINIO (estagio 1)
A19US5Ge,Nao,Sim,erro de DOMINIO (estagio 1)
A19US6Ge,Nao,Nao,erro de DOMINIO (estagio 1)
A19US7Ge,Nao,Sim,erro de DOMINIO (estagio 1)
A19US8Ge,Nao,Nao,erro de DOMINIO (estagio 1)
A19US9Ge,Nao,Sim,erro de DOMINIO (estagio 1)
A19US10Ge,Sim,Nao,"dominio ok, erro/vazio de ML TASK (estagio 2)"
A19US1Ll,Nao,Nao,erro de DOMINIO (estagio 1)
A19US2Ll,Nao,Nao,erro de DOMINIO (estagio 1)
A19US3Ll,Nao,Sim,erro de DOMINIO (estagio 1)
A19US4Ll,Nao,Nao,erro de DOMINIO (estagio 1)
A19US5Ll,Nao,Sim,erro de DOMINIO (estagio 1)
A19US6Ll,Sim,Sim,dominio e task ok -> diferenca vem do MAPPING (estagio 3)
A19US7Ll,Nao,Sim,erro de DOMINIO (estagio 1)
A19US8Ll,Nao,Sim,erro de DOMINIO (estagio 1)
A19US9Ll,Nao,Nao,erro de DOMINIO (estagio 1)
A19US10Ll,Nao,Nao,erro de DOMINIO (estagio 1)
A19US1O1,Nao,Nao,erro de DOMINIO (estagio 1)
A19US2O1,Nao,Sim,erro de DOMINIO (estagio 1)
A19US3O1,Nao,Nao,erro de DOMINIO (estagio 1)
A19US4O1,Nao,Nao,erro de DOMINIO (estagio 1)
A19US5O1,Sim,Sim,dominio e task ok -> diferenca vem do MAPPING (estagio 3)
A19US6O1,Nao,Nao,erro de DOMINIO (estagio 1)
A19US7O1,Sim,Sim,dominio e task ok -> diferenca vem do MAPPING (estagio 3)
A19US8O1,Nao,Nao,erro de DOMINIO (estagio 1)
A19US9O1,Nao,Nao,erro de DOMINIO (estagio 1)
A19US10O1,Nao,Nao,erro de DOMINIO (estagio 1)
A20US1Ge,Nao,Sim,erro de DOMINIO (estagio 1)
A20US2Ge,Nao,Nao,erro de DOMINIO (estagio 1)
A20US3Ge,Nao,Sim,erro de DOMINIO (estagio 1)
A20US4Ge,Nao,Nao,erro de DOMINIO (estagio 1)
A20US5Ge,Nao,Nao,erro de DOMINIO (estagio 1)
A20US6Ge,Nao,Nao,erro de DOMINIO (estagio 1)
A20US7Ge,Nao,Sim,erro de DOMINIO (estagio 1)
A20US8Ge,Nao,Nao,erro de DOMINIO (estagio 1)
A20US9Ge,Nao,Nao,erro de DOMINIO (estagio 1)
A20US10Ge,Nao,Nao,erro de DOMINIO (estagio 1)
A20US1Ll,Nao,Sim,erro de DOMINIO (estagio 1)
A20US2Ll,Nao,Sim,erro de DOMINIO (estagio 1)
A20US3Ll,Nao,Sim,erro de DOMINIO (estagio 1)
A20US4Ll,Nao,Sim,erro de DOMINIO (estagio 1)
A20US5Ll,Nao,Nao,erro de DOMINIO (estagio 1)
A20US6Ll,Nao,Sim,erro de DOMINIO (estagio 1)
A20US7Ll,Nao,Nao,erro de DOMINIO (estagio 1)
A20US8Ll,Sim,Nao,"dominio ok, erro/vazio de ML TASK (estagio 2)"
A20US9Ll,Nao,Nao,erro de DOMINIO (estagio 1)
A20US10Ll,Nao,Nao,erro de DOMINIO (estagio 1)
A20US1O1,Nao,Nao,erro de DOMINIO (estagio 1)
A20US2O1,Nao,Sim,erro de DOMINIO (estagio 1)
A20US3O1,Nao,Nao,erro de DOMINIO (estagio 1)
A20US4O1,Nao,Sim,erro de DOMINIO (estagio 1)
A20US5O1,Nao,Sim,erro de DOMINIO (estagio 1)
A20US6O1,Nao,Sim,erro de DOMINIO (estagio 1)
A20US7O1,Nao,Nao,erro de DOMINIO (estagio 1)
A20US8O1,Nao,Nao,erro de DOMINIO (estagio 1)
A20US9O1,Nao,Nao,erro de DOMINIO (estagio 1)
A20US10O1,Nao,Sim,erro de DOMINIO (estagio 1)
A21US1Ge,Nao,Nao,erro de DOMINIO (estagio 1)
A21US2Ge,Nao,Sim,erro de DOMINIO (estagio 1)
A21US3Ge,Nao,Sim,erro de DOMINIO (estagio 1)
A21US4Ge,Nao,Nao,erro de DOMINIO (estagio 1)
A21US5Ge,Nao,Sim,erro de DOMINIO (estagio 1)
A21US6Ge,Nao,Sim,erro de DOMINIO (estagio 1)
A21US7Ge,Nao,Sim,erro de DOMINIO (estagio 1)
A21US8Ge,Nao,Sim,erro de DOMINIO (estagio 1)
A21US9Ge,Nao,Nao,erro de DOMINIO (estagio 1)
A21US10Ge,Nao,Sim,erro de DOMINIO (estagio 1)
A21US1Ll,Nao,Nao,erro de DOMINIO (estagio 1)
A21US2Ll,Nao,Sim,erro de DOMINIO (estagio 1)
A21US3Ll,Sim,Sim,dominio e task ok -> diferenca vem do MAPPING (estagio 3)
A21US4Ll,Nao,Sim,erro de DOMINIO (estagio 1)
A21US5Ll,Nao,Nao,erro de DOMINIO (estagio 1)
A21US6Ll,Nao,Nao,erro de DOMINIO (estagio 1)
A21US7Ll,Nao,Sim,erro de DOMINIO (estagio 1)
A21US8Ll,Nao,Sim,erro de DOMINIO (estagio 1)
A21US9Ll,Nao,Sim,erro de DOMINIO (estagio 1)
A21US10Ll,Nao,Nao,erro de DOMINIO (estagio 1)
A21US1O1,Nao,Nao,erro de DOMINIO (estagio 1)
A21US2O1,Nao,Sim,erro de DOMINIO (estagio 1)
A21US3O1,Nao,Sim,erro de DOMINIO (estagio 1)
A21US4O1,Nao,Sim,erro de DOMINIO (estagio 1)
A21US5O1,Nao,Sim,erro de DOMINIO (estagio 1)
A21US6O1,Nao,Sim,erro de DOMINIO (estagio 1)
A21US7O1,Nao,Sim,erro de DOMINIO (estagio 1)
A21US8O1,Nao,Nao,erro de DOMINIO (estagio 1)
A21US9O1,Nao,Sim,erro de DOMINIO (estagio 1)
A21US10O1,Nao,Nao,erro de DOMINIO (estagio 1)
A22US1Ge,Nao,Nao,erro de DOMINIO (estagio 1)
A22US2Ge,Nao,Nao,erro de DOMINIO (estagio 1)
A22US3Ge,Nao,Nao,erro de DOMINIO (estagio 1)
A22US4Ge,Nao,Nao,erro de DOMINIO (estagio 1)
A22US5Ge,Nao,Nao,erro de DOMINIO (estagio 1)
A22US6Ge,Nao,Sim,erro de DOMINIO (estagio 1)
A22US7Ge,Nao,Nao,erro de DOMINIO (estagio 1)
A22US8Ge,Nao,Nao,erro de DOMINIO (estagio 1)
A22US9Ge,Nao,Sim,erro de DOMINIO (estagio 1)
A22US10Ge,Nao,Nao,erro de DOMINIO (estagio 1)
A22US1Ll,Nao,Nao,erro de DOMINIO (estagio 1)
A22US2Ll,Nao,Nao,erro de DOMINIO (estagio 1)
A22US3Ll,Nao,Nao,erro de DOMINIO (estagio 1)
A22US4Ll,Nao,Nao,erro de DOMINIO (estagio 1)
A22US5Ll,Nao,Nao,erro de DOMINIO (estagio 1)
A22US6Ll,Nao,Nao,erro de DOMINIO (estagio 1)
A22US7Ll,Nao,Nao,erro de DOMINIO (estagio 1)
A22US8Ll,Nao,Nao,erro de DOMINIO (estagio 1)
A22US9Ll,Nao,Nao,erro de DOMINIO (estagio 1)
A22US10Ll,Nao,Nao,erro de DOMINIO (estagio 1)
A22US1O1,Nao,Nao,erro de DOMINIO (estagio 1)
A22US2O1,Nao,Nao,erro de DOMINIO (estagio 1)
A22US3O1,Nao,Nao,erro de DOMINIO (estagio 1)
A22US4O1,Nao,Nao,erro de DOMINIO (estagio 1)
A22US5O1,Nao,Nao,erro de DOMINIO (estagio 1)
A22US6O1,Nao,Nao,erro de DOMINIO (estagio 1)
A22US7O1,Nao,Nao,erro de DOMINIO (estagio 1)
A22US8O1,Nao,Nao,erro de DOMINIO (estagio 1)
A22US9O1,Nao,Nao,erro de DOMINIO (estagio 1)
A22US10O1,Nao,Sim,erro de DOMINIO (estagio 1)
A23US1Ge,Nao,Nao,erro de DOMINIO (estagio 1)
A23US2Ge,Nao,Nao,erro de DOMINIO (estagio 1)
A23US3Ge,Nao,Nao,erro de DOMINIO (estagio 1)
A23US4Ge,Nao,Nao,erro de DOMINIO (estagio 1)
A23US5Ge,Nao,Nao,erro de DOMINIO (estagio 1)
A23US6Ge,Nao,Nao,erro de DOMINIO (estagio 1)
A23US7Ge,Nao,Nao,erro de DOMINIO (estagio 1)
A23US8Ge,Nao,Nao,erro de DOMINIO (estagio 1)
A23US9Ge,Nao,Sim,erro de DOMINIO (estagio 1)
A23US10Ge,Nao,Nao,erro de DOMINIO (estagio 1)
A23US1Ll,Nao,Nao,erro de DOMINIO (estagio 1)
A23US2Ll,Nao,Nao,erro de DOMINIO (estagio 1)
A23US3Ll,Nao,Nao,erro de DOMINIO (estagio 1)
A23US4Ll,Nao,Nao,erro de DOMINIO (estagio 1)
A23US5Ll,Nao,Nao,erro de DOMINIO (estagio 1)
A23US6Ll,Nao,Nao,erro de DOMINIO (estagio 1)
A23US7Ll,Nao,Nao,erro de DOMINIO (estagio 1)
A23US8Ll,Nao,Nao,erro de DOMINIO (estagio 1)
A23US9Ll,Nao,Nao,erro de DOMINIO (estagio 1)
A23US10Ll,Nao,Nao,erro de DOMINIO (estagio 1)
A23US1O1,Nao,Nao,erro de DOMINIO (estagio 1)
A23US2O1,Nao,Nao,erro de DOMINIO (estagio 1)
A23US3O1,Nao,Nao,erro de DOMINIO (estagio 1)
A23US4O1,Nao,Nao,erro de DOMINIO (estagio 1)
A23US5O1,Nao,Nao,erro de DOMINIO (estagio 1)
A23US6O1,Nao,Nao,erro de DOMINIO (estagio 1)
A23US7O1,Nao,Nao,erro de DOMINIO (estagio 1)
A23US8O1,Nao,Nao,erro de DOMINIO (estagio 1)
A23US9O1,Nao,Nao,erro de DOMINIO (estagio 1)
A23US10O1,Nao,Nao,erro de DOMINIO (estagio 1)
A24US1Ge,Nao,Nao,erro de DOMINIO (estagio 1)
A24US2Ge,Nao,Nao,erro de DOMINIO (estagio 1)
A24US3Ge,Sim,Nao,"dominio ok, erro/vazio de ML TASK (estagio 2)"
A24US4Ge,Nao,Nao,erro de DOMINIO (estagio 1)
A24US5Ge,Nao,Sim,erro de DOMINIO (estagio 1)
A24US6Ge,Nao,Nao,erro de DOMINIO (estagio 1)
A24US7Ge,Nao,Nao,erro de DOMINIO (estagio 1)
A24US8Ge,Nao,Nao,erro de DOMINIO (estagio 1)
A24US9Ge,Nao,Nao,erro de DOMINIO (estagio 1)
A24US10Ge,Nao,Nao,erro de DOMINIO (estagio 1)
A24US1Ll,Nao,Nao,erro de DOMINIO (estagio 1)
A24US2Ll,Nao,Nao,erro de DOMINIO (estagio 1)
A24US3Ll,Sim,Nao,"dominio ok, erro/vazio de ML TASK (estagio 2)"
A24US4Ll,Nao,Nao,erro de DOMINIO (estagio 1)
A24US5Ll,Nao,Nao,erro de DOMINIO (estagio 1)
A24US6Ll,Nao,Nao,erro de DOMINIO (estagio 1)
A24US7Ll,Nao,Nao,erro de DOMINIO (estagio 1)
A24US8Ll,Nao,Nao,erro de DOMINIO (estagio 1)
A24US9Ll,Nao,Sim,erro de DOMINIO (estagio 1)
A24US10Ll,Nao,Nao,erro de DOMINIO (estagio 1)
A24US1O1,Nao,Nao,erro de DOMINIO (estagio 1)
A24US2O1,Nao,Nao,erro de DOMINIO (estagio 1)
A24US3O1,Nao,Nao,erro de DOMINIO (estagio 1)
A24US4O1,Nao,Nao,erro de DOMINIO (estagio 1)
A24US5O1,Nao,Nao,erro de DOMINIO (estagio 1)
A24US6O1,Nao,Nao,erro de DOMINIO (estagio 1)
A24US7O1,Nao,Nao,erro de DOMINIO (estagio 1)
A24US8O1,Sim,Nao,"dominio ok, erro/vazio de ML TASK (estagio 2)"
A24US9O1,Nao,Nao,erro de DOMINIO (estagio 1)
A24US10O1,Nao,Nao,erro de DOMINIO (estagio 1)
A25US1Ge,Nao,Nao,erro de DOMINIO (estagio 1)
A25US2Ge,Nao,Nao,erro de DOMINIO (estagio 1)
A25US3Ge,Nao,Nao,erro de DOMINIO (estagio 1)
A25US4Ge,Nao,Nao,erro de DOMINIO (estagio 1)
A25US5Ge,Nao,Nao,erro de DOMINIO (estagio 1)
A25US6Ge,Nao,Nao,erro de DOMINIO (estagio 1)
A25US7Ge,Nao,Nao,erro de DOMINIO (estagio 1)
A25US8Ge,Nao,Nao,erro de DOMINIO (estagio 1)
A25US9Ge,Nao,Nao,erro de DOMINIO (estagio 1)
A25US10Ge,Nao,Nao,erro de DOMINIO (estagio 1)
A25US1Ll,Nao,Nao,erro de DOMINIO (estagio 1)
A25US2Ll,Nao,Nao,erro de DOMINIO (estagio 1)
A25US3Ll,Nao,Nao,erro de DOMINIO (estagio 1)
A25US4Ll,Nao,Nao,erro de DOMINIO (estagio 1)
A25US5Ll,Nao,Nao,erro de DOMINIO (estagio 1)
A25US6Ll,Nao,Nao,erro de DOMINIO (estagio 1)
A25US7Ll,Nao,Nao,erro de DOMINIO (estagio 1)
A25US8Ll,Nao,Nao,erro de DOMINIO (estagio 1)
A25US9Ll,Nao,Nao,erro de DOMINIO (estagio 1)
A25US10Ll,Nao,Nao,erro de DOMINIO (estagio 1)
A25US1O1,Nao,Nao,erro de DOMINIO (estagio 1)
A25US2O1,Nao,Nao,erro de DOMINIO (estagio 1)
A25US3O1,Nao,Nao,erro de DOMINIO (estagio 1)
A25US4O1,Nao,Sim,erro de DOMINIO (estagio 1)
A25US5O1,Nao,Sim,erro de DOMINIO (estagio 1)
A25US6O1,Nao,Nao,erro de DOMINIO (estagio 1)
A25US7O1,Sim,Nao,"dominio ok, erro/vazio de ML TASK (estagio 2)"
A25US8O1,Nao,Nao,erro de DOMINIO (estagio 1)
A25US9O1,Nao,Nao,erro de DOMINIO (estagio 1)
A25US10O1,Nao,Nao,erro de DOMINIO (estagio 1)
A26US1Ge,Nao,Nao,erro de DOMINIO (estagio 1)
A26US2Ge,Nao,Sim,erro de DOMINIO (estagio 1)
A26US3Ge,Nao,Sim,erro de DOMINIO (estagio 1)
A26US4Ge,Nao,Nao,erro de DOMINIO (estagio 1)
A26US5Ge,Nao,Sim,erro de DOMINIO (estagio 1)
A26US6Ge,Nao,Nao,erro de DOMINIO (estagio 1)
A26US7Ge,Nao,Nao,erro de DOMINIO (estagio 1)
A26US8Ge,Nao,Nao,erro de DOMINIO (estagio 1)
A26US9Ge,Nao,Sim,erro de DOMINIO (estagio 1)
A26US10Ge,Nao,Sim,erro de DOMINIO (estagio 1)
A26US1Ll,Nao,Nao,erro de DOMINIO (estagio 1)
A26US2Ll,Nao,Nao,erro de DOMINIO (estagio 1)
A26US3Ll,Nao,Sim,erro de DOMINIO (estagio 1)
A26US4Ll,Nao,Nao,erro de DOMINIO (estagio 1)
A26US5Ll,Nao,Nao,erro de DOMINIO (estagio 1)
A26US6Ll,Nao,Sim,erro de DOMINIO (estagio 1)
A26US7Ll,Nao,Sim,erro de DOMINIO (estagio 1)
A26US8Ll,Nao,Sim,erro de DOMINIO (estagio 1)
A26US9Ll,Nao,Sim,erro de DOMINIO (estagio 1)
A26US10Ll,Nao,Sim,erro de DOMINIO (estagio 1)
A26US1O1,Nao,Nao,erro de DOMINIO (estagio 1)
A26US2O1,Nao,Nao,erro de DOMINIO (estagio 1)
A26US3O1,Nao,Sim,erro de DOMINIO (estagio 1)
A26US4O1,Nao,Nao,erro de DOMINIO (estagio 1)
A26US5O1,Nao,Nao,erro de DOMINIO (estagio 1)
A26US6O1,Nao,Nao,erro de DOMINIO (estagio 1)
A26US7O1,Nao,Sim,erro de DOMINIO (estagio 1)
A26US8O1,Nao,Sim,erro de DOMINIO (estagio 1)
A26US9O1,Nao,Nao,erro de DOMINIO (estagio 1)
A26US10O1,Nao,Sim,erro de DOMINIO (estagio 1)
A27US1Ge,Nao,Nao,erro de DOMINIO (estagio 1)
A27US2Ge,Nao,Nao,erro de DOMINIO (estagio 1)
A27US3Ge,Nao,Nao,erro de DOMINIO (estagio 1)
A27US4Ge,Nao,Nao,erro de DOMINIO (estagio 1)
A27US5Ge,Nao,Nao,erro de DOMINIO (estagio 1)
A27US6Ge,Nao,Nao,erro de DOMINIO (estagio 1)
A27US7Ge,Nao,Sim,erro de DOMINIO (estagio 1)
A27US8Ge,Nao,Nao,erro de DOMINIO (estagio 1)
A27US9Ge,Nao,Nao,erro de DOMINIO (estagio 1)
A27US10Ge,Nao,Nao,erro de DOMINIO (estagio 1)
A27US1Ll,Nao,Nao,erro de DOMINIO (estagio 1)
A27US2Ll,Nao,Nao,erro de DOMINIO (estagio 1)
A27US3Ll,Nao,Nao,erro de DOMINIO (estagio 1)
A27US4Ll,Nao,Nao,erro de DOMINIO (estagio 1)
A27US5Ll,Nao,Nao,erro de DOMINIO (estagio 1)
A27US6Ll,Nao,Sim,erro de DOMINIO (estagio 1)
A27US7Ll,Nao,Nao,erro de DOMINIO (estagio 1)
A27US8Ll,Nao,Nao,erro de DOMINIO (estagio 1)
A27US9Ll,Nao,Nao,erro de DOMINIO (estagio 1)
A27US10Ll,Nao,Nao,erro de DOMINIO (estagio 1)
A27US1O1,Nao,Nao,erro de DOMINIO (estagio 1)
A27US2O1,Nao,Nao,erro de DOMINIO (estagio 1)
A27US3O1,Nao,Nao,erro de DOMINIO (estagio 1)
A27US4O1,Nao,Nao,erro de DOMINIO (estagio 1)
A27US5O1,Nao,Nao,erro de DOMINIO (estagio 1)
A27US6O1,Nao,Nao,erro de DOMINIO (estagio 1)
A27US7O1,Nao,Nao,erro de DOMINIO (estagio 1)
A27US8O1,Nao,Sim,erro de DOMINIO (estagio 1)
A27US9O1,Nao,Nao,erro de DOMINIO (estagio 1)
A27US10O1,Nao,Nao,erro de DOMINIO (estagio 1)
A28US1Ge,Nao,Nao,erro de DOMINIO (estagio 1)
A28US2Ge,Nao,Nao,erro de DOMINIO (estagio 1)
A28US3Ge,Nao,Nao,erro de DOMINIO (estagio 1)
A28US4Ge,Nao,Nao,erro de DOMINIO (estagio 1)
A28US5Ge,Nao,Nao,erro de DOMINIO (estagio 1)
A28US6Ge,Nao,Nao,erro de DOMINIO (estagio 1)
A28US7Ge,Nao,Nao,erro de DOMINIO (estagio 1)
A28US8Ge,Nao,Nao,erro de DOMINIO (estagio 1)
A28US9Ge,Nao,Nao,erro de DOMINIO (estagio 1)
A28US10Ge,Nao,Nao,erro de DOMINIO (estagio 1)
A28US1Ll,Nao,Nao,erro de DOMINIO (estagio 1)
A28US2Ll,Nao,Sim,erro de DOMINIO (estagio 1)
A28US3Ll,Nao,Nao,erro de DOMINIO (estagio 1)
A28US4Ll,Nao,Nao,erro de DOMINIO (estagio 1)
A28US5Ll,Nao,Nao,erro de DOMINIO (estagio 1)
A28US6Ll,Nao,Nao,erro de DOMINIO (estagio 1)
A28US7Ll,Nao,Nao,erro de DOMINIO (estagio 1)
A28US8Ll,Nao,Nao,erro de DOMINIO (estagio 1)
A28US9Ll,Nao,Nao,erro de DOMINIO (estagio 1)
A28US10Ll,Nao,Nao,erro de DOMINIO (estagio 1)
A28US1O1,Nao,Nao,erro de DOMINIO (estagio 1)
A28US2O1,Nao,Nao,erro de DOMINIO (estagio 1)
A28US3O1,Nao,Nao,erro de DOMINIO (estagio 1)
A28US4O1,Nao,Nao,erro de DOMINIO (estagio 1)
A28US5O1,Nao,Nao,erro de DOMINIO (estagio 1)
A28US6O1,Nao,Nao,erro de DOMINIO (estagio 1)
A28US7O1,Nao,Nao,erro de DOMINIO (estagio 1)
A28US8O1,Nao,Nao,erro de DOMINIO (estagio 1)
A28US9O1,Nao,Nao,erro de DOMINIO (estagio 1)
A28US10O1,Nao,Nao,erro de DOMINIO (estagio 1)
A29US1Ge,Nao,Nao,erro de DOMINIO (estagio 1)
A29US2Ge,Nao,Sim,erro de DOMINIO (estagio 1)
A29US3Ge,Nao,Nao,erro de DOMINIO (estagio 1)
A29US4Ge,Sim,Nao,"dominio ok, erro/vazio de ML TASK (estagio 2)"
A29US5Ge,Nao,Sim,erro de DOMINIO (estagio 1)
A29US6Ge,Nao,Nao,erro de DOMINIO (estagio 1)
A29US7Ge,Nao,Sim,erro de DOMINIO (estagio 1)
A29US8Ge,Nao,Nao,erro de DOMINIO (estagio 1)
A29US9Ge,Nao,Nao,erro de DOMINIO (estagio 1)
A29US10Ge,Nao,Nao,erro de DOMINIO (estagio 1)
A29US1Ll,Nao,Nao,erro de DOMINIO (estagio 1)
A29US2Ll,Nao,Nao,erro de DOMINIO (estagio 1)
A29US3Ll,Nao,Nao,erro de DOMINIO (estagio 1)
A29US4Ll,Nao,Sim,erro de DOMINIO (estagio 1)
A29US5Ll,Nao,Sim,erro de DOMINIO (estagio 1)
A29US6Ll,Nao,Nao,erro de DOMINIO (estagio 1)
A29US7Ll,Nao,Nao,erro de DOMINIO (estagio 1)
A29US8Ll,Nao,Sim,erro de DOMINIO (estagio 1)
A29US9Ll,Nao,Nao,erro de DOMINIO (estagio 1)
A29US10Ll,Nao,Nao,erro de DOMINIO (estagio 1)
A29US1O1,Nao,Nao,erro de DOMINIO (estagio 1)
A29US2O1,Nao,Sim,erro de DOMINIO (estagio 1)
A29US3O1,Nao,Sim,erro de DOMINIO (estagio 1)
A29US4O1,Nao,Sim,erro de DOMINIO (estagio 1)
A29US5O1,Nao,Nao,erro de DOMINIO (estagio 1)
A29US6O1,Nao,Sim,erro de DOMINIO (estagio 1)
A29US7O1,Nao,Sim,erro de DOMINIO (estagio 1)
A29US8O1,Nao,Nao,erro de DOMINIO (estagio 1)
A29US9O1,Nao,Nao,erro de DOMINIO (estagio 1)
A29US10O1,Nao,Sim,erro de DOMINIO (estagio 1)
A30US1Ge,Nao,Sim,erro de DOMINIO (estagio 1)
A30US2Ge,Nao,Sim,erro de DOMINIO (estagio 1)
A30US3Ge,Nao,Nao,erro de DOMINIO (estagio 1)
A30US4Ge,Nao,Nao,erro de DOMINIO (estagio 1)
A30US5Ge,Nao,Nao,erro de DOMINIO (estagio 1)
A30US6Ge,Nao,Sim,erro de DOMINIO (estagio 1)
A30US7Ge,Nao,Sim,erro de DOMINIO (estagio 1)
A30US8Ge,Nao,Nao,erro de DOMINIO (estagio 1)
A30US9Ge,Nao,Sim,erro de DOMINIO (estagio 1)
A30US10Ge,Nao,Nao,erro de DOMINIO (estagio 1)
A30US1Ll,Nao,Nao,erro de DOMINIO (estagio 1)
A30US2Ll,Nao,Sim,erro de DOMINIO (estagio 1)
A30US3Ll,Nao,Nao,erro de DOMINIO (estagio 1)
A30US4Ll,Nao,Nao,erro de DOMINIO (estagio 1)
A30US5Ll,Nao,Sim,erro de DOMINIO (estagio 1)
A30US6Ll,Nao,Nao,erro de DOMINIO (estagio 1)
A30US7Ll,Nao,Nao,erro de DOMINIO (estagio 1)
A30US8Ll,Nao,Sim,erro de DOMINIO (estagio 1)
A30US9Ll,Nao,Nao,erro de DOMINIO (estagio 1)
A30US10Ll,Nao,Nao,erro de DOMINIO (estagio 1)
A30US1O1,Nao,Sim,erro de DOMINIO (estagio 1)
A30US2O1,Nao,Nao,erro de DOMINIO (estagio 1)
A30US3O1,Nao,Sim,erro de DOMINIO (estagio 1)
A30US4O1,Nao,Sim,erro de DOMINIO (estagio 1)
A30US5O1,Nao,Nao,erro de DOMINIO (estagio 1)
A30US6O1,Nao,Sim,erro de DOMINIO (estagio 1)
A30US7O1,Nao,Nao,erro de DOMINIO (estagio 1)
A30US8O1,Nao,Nao,erro de DOMINIO (estagio 1)
A30US9O1,Nao,Sim,erro de DOMINIO (estagio 1)
A30US10O1,Sim,Sim,dominio e task ok -> diferenca vem do MAPPING (estagio 3)
A31US1Ge,Nao,Nao,erro de DOMINIO (estagio 1)
A31US2Ge,Nao,Nao,erro de DOMINIO (estagio 1)
A31US3Ge,Nao,Sim,erro de DOMINIO (estagio 1)
A31US4Ge,Nao,Sim,erro de DOMINIO (estagio 1)
A31US5Ge,Nao,Nao,erro de DOMINIO (estagio 1)
A31US6Ge,Nao,Nao,erro de DOMINIO (estagio 1)
A31US7Ge,Sim,Sim,dominio e task ok -> diferenca vem do MAPPING (estagio 3)
A31US8Ge,Nao,Sim,erro de DOMINIO (estagio 1)
A31US9Ge,Nao,Nao,erro de DOMINIO (estagio 1)
A31US10Ge,Nao,Nao,erro de DOMINIO (estagio 1)
A31US1Ll,Nao,Nao,erro de DOMINIO (estagio 1)
A31US2Ll,Nao,Nao,erro de DOMINIO (estagio 1)
A31US3Ll,Nao,Sim,erro de DOMINIO (estagio 1)
A31US4Ll,Nao,Nao,erro de DOMINIO (estagio 1)
A31US5Ll,Nao,Nao,erro de DOMINIO (estagio 1)
A31US6Ll,Nao,Nao,erro de DOMINIO (estagio 1)
A31US7Ll,Sim,Nao,"dominio ok, erro/vazio de ML TASK (estagio 2)"
A31US8Ll,Nao,Nao,erro de DOMINIO (estagio 1)
A31US9Ll,Nao,Sim,erro de DOMINIO (estagio 1)
A31US10Ll,Nao,Nao,erro de DOMINIO (estagio 1)
A31US1O1,Nao,Nao,erro de DOMINIO (estagio 1)
A31US2O1,Nao,Nao,erro de DOMINIO (estagio 1)
A31US3O1,Nao,Nao,erro de DOMINIO (estagio 1)
A31US4O1,Nao,Nao,erro de DOMINIO (estagio 1)
A31US5O1,Nao,Nao,erro de DOMINIO (estagio 1)
A31US6O1,Nao,Nao,erro de DOMINIO (estagio 1)
A31US7O1,Nao,Nao,erro de DOMINIO (estagio 1)
A31US8O1,Nao,Nao,erro de DOMINIO (estagio 1)
A31US9O1,Nao,Sim,erro de DOMINIO (estagio 1)
A31US10O1,Nao,Sim,erro de DOMINIO (estagio 1)
A32US1Ge,Nao,Sim,erro de DOMINIO (estagio 1)
A32US2Ge,Nao,Nao,erro de DOMINIO (estagio 1)
A32US3Ge,Nao,Nao,erro de DOMINIO (estagio 1)
A32US4Ge,Nao,Sim,erro de DOMINIO (estagio 1)
A32US5Ge,Nao,Sim,erro de DOMINIO (estagio 1)
A32US6Ge,Nao,Sim,erro de DOMINIO (estagio 1)
A32US7Ge,Nao,Sim,erro de DOMINIO (estagio 1)
A32US8Ge,Sim,Sim,dominio e task ok -> diferenca vem do MAPPING (estagio 3)
A32US9Ge,Nao,Nao,erro de DOMINIO (estagio 1)
A32US10Ge,Nao,Sim,erro de DOMINIO (estagio 1)
A32US1Ll,Nao,Nao,erro de DOMINIO (estagio 1)
A32US2Ll,Nao,Nao,erro de DOMINIO (estagio 1)
A32US3Ll,Nao,Nao,erro de DOMINIO (estagio 1)
A32US4Ll,Nao,Nao,erro de DOMINIO (estagio 1)
A32US5Ll,Nao,Nao,erro de DOMINIO (estagio 1)
A32US6Ll,Nao,Sim,erro de DOMINIO (estagio 1)
A32US7Ll,Nao,Sim,erro de DOMINIO (estagio 1)
A32US8Ll,Nao,Sim,erro de DOMINIO (estagio 1)
A32US9Ll,Nao,Sim,erro de DOMINIO (estagio 1)
A32US10Ll,Nao,Nao,erro de DOMINIO (estagio 1)
A32US1O1,Nao,Sim,erro de DOMINIO (estagio 1)
A32US2O1,Nao,Sim,erro de DOMINIO (estagio 1)
A32US3O1,Nao,Nao,erro de DOMINIO (estagio 1)
A32US4O1,Nao,Sim,erro de DOMINIO (estagio 1)
A32US5O1,Nao,Nao,erro de DOMINIO (estagio 1)
A32US6O1,Nao,Sim,erro de DOMINIO (estagio 1)
A32US7O1,Nao,Nao,erro de DOMINIO (estagio 1)
A32US8O1,Sim,Sim,dominio e task ok -> diferenca vem do MAPPING (estagio 3)
A32US9O1,Nao,Sim,erro de DOMINIO (estagio 1)
A32US10O1,Nao,Sim,erro de DOMINIO (estagio 1)
A33US1Ge,Sim,Nao,"dominio ok, erro/vazio de ML TASK (estagio 2)"
A33US2Ge,Nao,Nao,erro de DOMINIO (estagio 1)
A33US3Ge,Sim,Nao,"dominio ok, erro/vazio de ML TASK (estagio 2)"
A33US4Ge,Nao,Nao,erro de DOMINIO (estagio 1)
A33US5Ge,Nao,Nao,erro de DOMINIO (estagio 1)
A33US6Ge,Nao,Sim,erro de DOMINIO (estagio 1)
A33US7Ge,Nao,Nao,erro de DOMINIO (estagio 1)
A33US8Ge,Nao,Nao,erro de DOMINIO (estagio 1)
A33US9Ge,Nao,Nao,erro de DOMINIO (estagio 1)
A33US10Ge,Nao,Nao,erro de DOMINIO (estagio 1)
A33US1Ll,Sim,Nao,"dominio ok, erro/vazio de ML TASK (estagio 2)"
A33US2Ll,Sim,Sim,dominio e task ok -> diferenca vem do MAPPING (estagio 3)
A33US3Ll,Nao,Nao,erro de DOMINIO (estagio 1)
A33US4Ll,Nao,Nao,erro de DOMINIO (estagio 1)
A33US5Ll,Sim,Nao,"dominio ok, erro/vazio de ML TASK (estagio 2)"
A33US6Ll,Sim,Nao,"dominio ok, erro/vazio de ML TASK (estagio 2)"
A33US7Ll,Nao,Nao,erro de DOMINIO (estagio 1)
A33US8Ll,Nao,Nao,erro de DOMINIO (estagio 1)
A33US9Ll,Sim,Sim,dominio e task ok -> diferenca vem do MAPPING (estagio 3)
A33US10Ll,Sim,Nao,"dominio ok, erro/vazio de ML TASK (estagio 2)"
A33US1O1,Sim,Nao,"dominio ok, erro/vazio de ML TASK (estagio 2)"
A33US2O1,Sim,Nao,"dominio ok, erro/vazio de ML TASK (estagio 2)"
A33US3O1,Nao,Nao,erro de DOMINIO (estagio 1)
A33US4O1,Nao,Nao,erro de DOMINIO (estagio 1)
A33US5O1,Nao,Nao,erro de DOMINIO (estagio 1)
A33US6O1,Sim,Nao,"dominio ok, erro/vazio de ML TASK (estagio 2)"
A33US7O1,Nao,Sim,erro de DOMINIO (estagio 1)
A33US8O1,Nao,Nao,erro de DOMINIO (estagio 1)
A33US9O1,Nao,Nao,erro de DOMINIO (estagio 1)
A33US10O1,Nao,Nao,erro de DOMINIO (estagio 1)
A34US1Ge,Nao,Sim,erro de DOMINIO (estagio 1)
A34US2Ge,Nao,Sim,erro de DOMINIO (estagio 1)
A34US3Ge,Nao,Sim,erro de DOMINIO (estagio 1)
A34US4Ge,Nao,Nao,erro de DOMINIO (estagio 1)
A34US5Ge,Nao,Nao,erro de DOMINIO (estagio 1)
A34US6Ge,Sim,Nao,"dominio ok, erro/vazio de ML TASK (estagio 2)"
A34US7Ge,Nao,Sim,erro de DOMINIO (estagio 1)
A34US8Ge,Nao,Sim,erro de DOMINIO (estagio 1)
A34US9Ge,Nao,Nao,erro de DOMINIO (estagio 1)
A34US10Ge,Nao,Sim,erro de DOMINIO (estagio 1)
A34US1Ll,Nao,Nao,erro de DOMINIO (estagio 1)
A34US2Ll,Nao,Sim,erro de DOMINIO (estagio 1)
A34US3Ll,Nao,Sim,erro de DOMINIO (estagio 1)
A34US4Ll,Nao,Sim,erro de DOMINIO (estagio 1)
A34US5Ll,Nao,Sim,erro de DOMINIO (estagio 1)
A34US6Ll,Nao,Sim,erro de DOMINIO (estagio 1)
A34US7Ll,Nao,Sim,erro de DOMINIO (estagio 1)
A34US8Ll,Nao,Sim,erro de DOMINIO (estagio 1)
A34US9Ll,Nao,Sim,erro de DOMINIO (estagio 1)
A34US10Ll,Nao,Nao,erro de DOMINIO (estagio 1)
A34US1O1,Nao,Sim,erro de DOMINIO (estagio 1)
A34US2O1,Nao,Sim,erro de DOMINIO (estagio 1)
A34US3O1,Sim,Nao,"dominio ok, erro/vazio de ML TASK (estagio 2)"
A34US4O1,Nao,Sim,erro de DOMINIO (estagio 1)
A34US5O1,Nao,Sim,erro de DOMINIO (estagio 1)
A34US6O1,Nao,Sim,erro de DOMINIO (estagio 1)
A34US7O1,Nao,Nao,erro de DOMINIO (estagio 1)
A34US8O1,Nao,Sim,erro de DOMINIO (estagio 1)
A34US9O1,Nao,Sim,erro de DOMINIO (estagio 1)
A34US10O1,Nao,Sim,erro de DOMINIO (estagio 1)
A35US1Ge,Nao,Nao,erro de DOMINIO (estagio 1)
A35US2Ge,Nao,Nao,erro de DOMINIO (estagio 1)
A35US3Ge,Sim,Sim,dominio e task ok -> diferenca vem do MAPPING (estagio 3)
A35US4Ge,Nao,Nao,erro de DOMINIO (estagio 1)
A35US5Ge,Nao,Nao,erro de DOMINIO (estagio 1)
A35US6Ge,Nao,Nao,erro de DOMINIO (estagio 1)
A35US7Ge,Nao,Nao,erro de DOMINIO (estagio 1)
A35US8Ge,Nao,Nao,erro de DOMINIO (estagio 1)
A35US9Ge,Sim,Nao,"dominio ok, erro/vazio de ML TASK (estagio 2)"
A35US10Ge,Nao,Nao,erro de DOMINIO (estagio 1)
A35US1Ll,Nao,Nao,erro de DOMINIO (estagio 1)
A35US2Ll,Sim,Sim,dominio e task ok -> diferenca vem do MAPPING (estagio 3)
A35US3Ll,Nao,Nao,erro de DOMINIO (estagio 1)
A35US4Ll,Nao,Sim,erro de DOMINIO (estagio 1)
A35US5Ll,Nao,Nao,erro de DOMINIO (estagio 1)
A35US6Ll,Nao,Nao,erro de DOMINIO (estagio 1)
A35US7Ll,Nao,Nao,erro de DOMINIO (estagio 1)
A35US8Ll,Sim,Nao,"dominio ok, erro/vazio de ML TASK (estagio 2)"
A35US9Ll,Nao,Nao,erro de DOMINIO (estagio 1)
A35US10Ll,Nao,Nao,erro de DOMINIO (estagio 1)
A35US1O1,Nao,Nao,erro de DOMINIO (estagio 1)
A35US2O1,Nao,Nao,erro de DOMINIO (estagio 1)
A35US3O1,Nao,Nao,erro de DOMINIO (estagio 1)
A35US4O1,Nao,Nao,erro de DOMINIO (estagio 1)
A35US5O1,Nao,Nao,erro de DOMINIO (estagio 1)
A35US6O1,Sim,Sim,dominio e task ok -> diferenca vem do MAPPING (estagio 3)
A35US7O1,Nao,Nao,erro de DOMINIO (estagio 1)
A35US8O1,Sim,Sim,dominio e task ok -> diferenca vem do MAPPING (estagio 3)
A35US9O1,Nao,Nao,erro de DOMINIO (estagio 1)
A35US10O1,Nao,Nao,erro de DOMINIO (estagio 1)
A36US1Ge,Nao,Nao,erro de DOMINIO (estagio 1)
A36US2Ge,Nao,Nao,erro de DOMINIO (estagio 1)
A36US3Ge,Nao,Sim,erro de DOMINIO (estagio 1)
A36US4Ge,Sim,Nao,"dominio ok, erro/vazio de ML TASK (estagio 2)"
A36US5Ge,Nao,Nao,erro de DOMINIO (estagio 1)
A36US6Ge,Nao,Sim,erro de DOMINIO (estagio 1)
A36US7Ge,Nao,Nao,erro de DOMINIO (estagio 1)
A36US8Ge,Nao,Sim,erro de DOMINIO (estagio 1)
A36US9Ge,Nao,Nao,erro de DOMINIO (estagio 1)
A36US10Ge,Nao,Sim,erro de DOMINIO (estagio 1)
A36US1Ll,Nao,Sim,erro de DOMINIO (estagio 1)
A36US2Ll,Nao,Nao,erro de DOMINIO (estagio 1)
A36US3Ll,Nao,Nao,erro de DOMINIO (estagio 1)
A36US4Ll,Nao,Sim,erro de DOMINIO (estagio 1)
A36US5Ll,Nao,Sim,erro de DOMINIO (estagio 1)
A36US6Ll,Nao,Sim,erro de DOMINIO (estagio 1)
A36US7Ll,Nao,Nao,erro de DOMINIO (estagio 1)
A36US8Ll,Nao,Nao,erro de DOMINIO (estagio 1)
A36US9Ll,Nao,Nao,erro de DOMINIO (estagio 1)
A36US10Ll,Nao,Nao,erro de DOMINIO (estagio 1)
A36US1O1,Sim,Nao,"dominio ok, erro/vazio de ML TASK (estagio 2)"
A36US2O1,Nao,Nao,erro de DOMINIO (estagio 1)
A36US3O1,Nao,Nao,erro de DOMINIO (estagio 1)
A36US4O1,Nao,Sim,erro de DOMINIO (estagio 1)
A36US5O1,Nao,Nao,erro de DOMINIO (estagio 1)
A36US6O1,Nao,Nao,erro de DOMINIO (estagio 1)
A36US7O1,Nao,Sim,erro de DOMINIO (estagio 1)
A36US8O1,Nao,Sim,erro de DOMINIO (estagio 1)
A36US9O1,Nao,Sim,erro de DOMINIO (estagio 1)
A36US10O1,Nao,Nao,erro de DOMINIO (estagio 1)
A37US1Ge,Nao,Nao,erro de DOMINIO (estagio 1)
A37US2Ge,Nao,Nao,erro de DOMINIO (estagio 1)
A37US3Ge,Nao,Nao,erro de DOMINIO (estagio 1)
A37US4Ge,Nao,Sim,erro de DOMINIO (estagio 1)
A37US5Ge,Nao,Sim,erro de DOMINIO (estagio 1)
A37US6Ge,Nao,Nao,erro de DOMINIO (estagio 1)
A37US7Ge,Sim,Nao,"dominio ok, erro/vazio de ML TASK (estagio 2)"
A37US8Ge,Sim,Nao,"dominio ok, erro/vazio de ML TASK (estagio 2)"
A37US9Ge,Nao,Sim,erro de DOMINIO (estagio 1)
A37US10Ge,Nao,Nao,erro de DOMINIO (estagio 1)
A37US1Ll,Nao,Sim,erro de DOMINIO (estagio 1)
A37US2Ll,Nao,Sim,erro de DOMINIO (estagio 1)
A37US3Ll,Nao,Sim,erro de DOMINIO (estagio 1)
A37US4Ll,Nao,Sim,erro de DOMINIO (estagio 1)
A37US5Ll,Nao,Sim,erro de DOMINIO (estagio 1)
A37US6Ll,Nao,Nao,erro de DOMINIO (estagio 1)
A37US7Ll,Nao,Sim,erro de DOMINIO (estagio 1)
A37US8Ll,Nao,Nao,erro de DOMINIO (estagio 1)
A37US9Ll,Nao,Sim,erro de DOMINIO (estagio 1)
A37US10Ll,Nao,Nao,erro de DOMINIO (estagio 1)
A37US1O1,Nao,Nao,erro de DOMINIO (estagio 1)
A37US2O1,Nao,Sim,erro de DOMINIO (estagio 1)
A37US3O1,Sim,Nao,"dominio ok, erro/vazio de ML TASK (estagio 2)"
A37US4O1,Sim,Nao,"dominio ok, erro/vazio de ML TASK (estagio 2)"
A37US5O1,Nao,Nao,erro de DOMINIO (estagio 1)
A37US6O1,Nao,Sim,erro de DOMINIO (estagio 1)
A37US7O1,Nao,Nao,erro de DOMINIO (estagio 1)
A37US8O1,Nao,Sim,erro de DOMINIO (estagio 1)
A37US9O1,Nao,Sim,erro de DOMINIO (estagio 1)
A37US10O1,Nao,Sim,erro de DOMINIO (estagio 1)
A38US1Ge,Nao,Nao,erro de DOMINIO (estagio 1)
A38US2Ge,Nao,Nao,erro de DOMINIO (estagio 1)
A38US3Ge,Nao,Nao,erro de DOMINIO (estagio 1)
A38US4Ge,Nao,Sim,erro de DOMINIO (estagio 1)
A38US5Ge,Nao,Sim,erro de DOMINIO (estagio 1)
A38US6Ge,Nao,Nao,erro de DOMINIO (estagio 1)
A38US7Ge,Sim,Sim,dominio e task ok -> diferenca vem do MAPPING (estagio 3)
A38US8Ge,Nao,Sim,erro de DOMINIO (estagio 1)
A38US9Ge,Nao,Nao,erro de DOMINIO (estagio 1)
A38US10Ge,Nao,Nao,erro de DOMINIO (estagio 1)
A38US1Ll,Nao,Nao,erro de DOMINIO (estagio 1)
A38US2Ll,Nao,Sim,erro de DOMINIO (estagio 1)
A38US3Ll,Nao,Sim,erro de DOMINIO (estagio 1)
A38US4Ll,Nao,Nao,erro de DOMINIO (estagio 1)
A38US5Ll,Nao,Nao,erro de DOMINIO (estagio 1)
A38US6Ll,Nao,Nao,erro de DOMINIO (estagio 1)
A38US7Ll,Nao,Nao,erro de DOMINIO (estagio 1)
A38US8Ll,Nao,Nao,erro de DOMINIO (estagio 1)
A38US9Ll,Nao,Nao,erro de DOMINIO (estagio 1)
A38US10Ll,Nao,Nao,erro de DOMINIO (estagio 1)
A38US1O1,Nao,Sim,erro de DOMINIO (estagio 1)
A38US2O1,Nao,Nao,erro de DOMINIO (estagio 1)
A38US3O1,Nao,Nao,erro de DOMINIO (estagio 1)
A38US4O1,Nao,Sim,erro de DOMINIO (estagio 1)
A38US5O1,Nao,Nao,erro de DOMINIO (estagio 1)
A38US6O1,Nao,Nao,erro de DOMINIO (estagio 1)
A38US7O1,Nao,Sim,erro de DOMINIO (estagio 1)
A38US8O1,Nao,Nao,erro de DOMINIO (estagio 1)
A38US9O1,Nao,Nao,erro de DOMINIO (estagio 1)
A38US10O1,Nao,Nao,erro de DOMINIO (estagio 1)
A39US1Ge,Sim,Nao,"dominio ok, erro/vazio de ML TASK (estagio 2)"
A39US2Ge,Sim,Nao,"dominio ok, erro/vazio de ML TASK (estagio 2)"
A39US3Ge,Sim,Nao,"dominio ok, erro/vazio de ML TASK (estagio 2)"
A39US4Ge,Sim,Nao,"dominio ok, erro/vazio de ML TASK (estagio 2)"
A39US5Ge,Sim,Nao,"dominio ok, erro/vazio de ML TASK (estagio 2)"
A39US6Ge,Sim,Nao,"dominio ok, erro/vazio de ML TASK (estagio 2)"
A39US7Ge,Nao,Sim,erro de DOMINIO (estagio 1)
A39US8Ge,Sim,Nao,"dominio ok, erro/vazio de ML TASK (estagio 2)"
A39US9Ge,Nao,Sim,erro de DOMINIO (estagio 1)
A39US10Ge,Nao,Nao,erro de DOMINIO (estagio 1)
A39US1Ll,Sim,Nao,"dominio ok, erro/vazio de ML TASK (estagio 2)"
A39US2Ll,Sim,Nao,"dominio ok, erro/vazio de ML TASK (estagio 2)"
A39US3Ll,Nao,Sim,erro de DOMINIO (estagio 1)
A39US4Ll,Sim,Nao,"dominio ok, erro/vazio de ML TASK (estagio 2)"
A39US5Ll,Sim,Nao,"dominio ok, erro/vazio de ML TASK (estagio 2)"
A39US6Ll,Nao,Nao,erro de DOMINIO (estagio 1)
A39US7Ll,Sim,Nao,"dominio ok, erro/vazio de ML TASK (estagio 2)"
A39US8Ll,Sim,Nao,"dominio ok, erro/vazio de ML TASK (estagio 2)"
A39US9Ll,Nao,Nao,erro de DOMINIO (estagio 1)
A39US10Ll,Sim,Nao,"dominio ok, erro/vazio de ML TASK (estagio 2)"
A39US1O1,Sim,Nao,"dominio ok, erro/vazio de ML TASK (estagio 2)"
A39US2O1,Nao,Sim,erro de DOMINIO (estagio 1)
A39US3O1,Nao,Sim,erro de DOMINIO (estagio 1)
A39US4O1,Nao,Nao,erro de DOMINIO (estagio 1)
A39US5O1,Sim,Nao,"dominio ok, erro/vazio de ML TASK (estagio 2)"
A39US6O1,Nao,Nao,erro de DOMINIO (estagio 1)
A39US7O1,Nao,Nao,erro de DOMINIO (estagio 1)
A39US8O1,Nao,Nao,erro de DOMINIO (estagio 1)
A39US9O1,Nao,Nao,erro de DOMINIO (estagio 1)
A39US10O1,Sim,Nao,"dominio ok, erro/vazio de ML TASK (estagio 2)"
A40US1Ge,Sim,Nao,"dominio ok, erro/vazio de ML TASK (estagio 2)"
A40US2Ge,Nao,Nao,erro de DOMINIO (estagio 1)
A40US3Ge,Nao,Nao,erro de DOMINIO (estagio 1)
A40US4Ge,Nao,Nao,erro de DOMINIO (estagio 1)
A40US5Ge,Nao,Nao,erro de DOMINIO (estagio 1)
A40US6Ge,Nao,Nao,erro de DOMINIO (estagio 1)
A40US7Ge,Nao,Nao,erro de DOMINIO (estagio 1)
A40US8Ge,Nao,Nao,erro de DOMINIO (estagio 1)
A40US9Ge,Nao,Nao,erro de DOMINIO (estagio 1)
A40US10Ge,Nao,Nao,erro de DOMINIO (estagio 1)
A40US1Ll,Sim,Nao,"dominio ok, erro/vazio de ML TASK (estagio 2)"
A40US2Ll,Sim,Nao,"dominio ok, erro/vazio de ML TASK (estagio 2)"
A40US3Ll,Nao,Sim,erro de DOMINIO (estagio 1)
A40US4Ll,Sim,Nao,"dominio ok, erro/vazio de ML TASK (estagio 2)"
A40US5Ll,Nao,Nao,erro de DOMINIO (estagio 1)
A40US6Ll,Sim,Nao,"dominio ok, erro/vazio de ML TASK (estagio 2)"
A40US7Ll,Nao,Nao,erro de DOMINIO (estagio 1)
A40US8Ll,Sim,Nao,"dominio ok, erro/vazio de ML TASK (estagio 2)"
A40US9Ll,Nao,Sim,erro de DOMINIO (estagio 1)
A40US10Ll,Sim,Nao,"dominio ok, erro/vazio de ML TASK (estagio 2)"
A40US1O1,Sim,Nao,"dominio ok, erro/vazio de ML TASK (estagio 2)"
A40US2O1,Nao,Nao,erro de DOMINIO (estagio 1)
A40US3O1,Nao,Nao,erro de DOMINIO (estagio 1)
A40US4O1,Nao,Nao,erro de DOMINIO (estagio 1)
A40US5O1,Nao,Nao,erro de DOMINIO (estagio 1)
A40US6O1,Nao,Nao,erro de DOMINIO (estagio 1)
A40US7O1,Nao,Nao,erro de DOMINIO (estagio 1)
A40US8O1,Nao,Nao,erro de DOMINIO (estagio 1)
A40US9O1,Nao,Nao,erro de DOMINIO (estagio 1)
A40US10O1,Nao,Nao,erro de DOMINIO (estagio 1)
A41US1Ge,Nao,Nao,erro de DOMINIO (estagio 1)
A41US2Ge,Nao,Nao,erro de DOMINIO (estagio 1)
A41US3Ge,Nao,Nao,erro de DOMINIO (estagio 1)
A41US4Ge,Nao,Nao,erro de DOMINIO (estagio 1)
A41US5Ge,Nao,Nao,erro de DOMINIO (estagio 1)
A41US6Ge,Nao,Nao,erro de DOMINIO (estagio 1)
A41US7Ge,Nao,Nao,erro de DOMINIO (estagio 1)
A41US8Ge,Nao,Nao,erro de DOMINIO (estagio 1)
A41US9Ge,Nao,Nao,erro de DOMINIO (estagio 1)
A41US10Ge,Nao,Nao,erro de DOMINIO (estagio 1)
A41US1Ll,Nao,Nao,erro de DOMINIO (estagio 1)
A41US2Ll,Nao,Nao,erro de DOMINIO (estagio 1)
A41US3Ll,Nao,Nao,erro de DOMINIO (estagio 1)
A41US4Ll,Nao,Nao,erro de DOMINIO (estagio 1)
A41US5Ll,Nao,Nao,erro de DOMINIO (estagio 1)
A41US6Ll,Nao,Nao,erro de DOMINIO (estagio 1)
A41US7Ll,Nao,Nao,erro de DOMINIO (estagio 1)
A41US8Ll,Nao,Nao,erro de DOMINIO (estagio 1)
A41US9Ll,Nao,Nao,erro de DOMINIO (estagio 1)
A41US10Ll,Nao,Nao,erro de DOMINIO (estagio 1)
A41US1O1,Nao,Nao,erro de DOMINIO (estagio 1)
A41US2O1,Nao,Nao,erro de DOMINIO (estagio 1)
A41US3O1,Nao,Nao,erro de DOMINIO (estagio 1)
A41US4O1,Sim,Nao,"dominio ok, erro/vazio de ML TASK (estagio 2)"
A41US5O1,Nao,Sim,erro de DOMINIO (estagio 1)
A41US6O1,Nao,Nao,erro de DOMINIO (estagio 1)
A41US7O1,Nao,Nao,erro de DOMINIO (estagio 1)
A41US8O1,Nao,Nao,erro de DOMINIO (estagio 1)
A41US9O1,Nao,Nao,erro de DOMINIO (estagio 1)
A41US10O1,Nao,Nao,erro de DOMINIO (estagio 1)
A42US1Ge,Sim,Nao,"dominio ok, erro/vazio de ML TASK (estagio 2)"
A42US2Ge,Nao,Nao,erro de DOMINIO (estagio 1)
A42US3Ge,Nao,Nao,erro de DOMINIO (estagio 1)
A42US4Ge,Nao,Nao,erro de DOMINIO (estagio 1)
A42US5Ge,Nao,Nao,erro de DOMINIO (estagio 1)
A42US6Ge,Sim,Nao,"dominio ok, erro/vazio de ML TASK (estagio 2)"
A42US7Ge,Nao,Nao,erro de DOMINIO (estagio 1)
A42US8Ge,Nao,Nao,erro de DOMINIO (estagio 1)
A42US9Ge,Nao,Nao,erro de DOMINIO (estagio 1)
A42US10Ge,Nao,Nao,erro de DOMINIO (estagio 1)
A42US1Ll,Sim,Nao,"dominio ok, erro/vazio de ML TASK (estagio 2)"
A42US2Ll,Nao,Nao,erro de DOMINIO (estagio 1)
A42US3Ll,Sim,Nao,"dominio ok, erro/vazio de ML TASK (estagio 2)"
A42US4Ll,Nao,Nao,erro de DOMINIO (estagio 1)
A42US5Ll,Sim,Nao,"dominio ok, erro/vazio de ML TASK (estagio 2)"
A42US6Ll,Nao,Nao,erro de DOMINIO (estagio 1)
A42US7Ll,Sim,Nao,"dominio ok, erro/vazio de ML TASK (estagio 2)"
A42US8Ll,Sim,Nao,"dominio ok, erro/vazio de ML TASK (estagio 2)"
A42US9Ll,Nao,Nao,erro de DOMINIO (estagio 1)
A42US10Ll,Nao,Nao,erro de DOMINIO (estagio 1)
A42US1O1,Nao,Nao,erro de DOMINIO (estagio 1)
A42US2O1,Sim,Nao,"dominio ok, erro/vazio de ML TASK (estagio 2)"
A42US3O1,Nao,Nao,erro de DOMINIO (estagio 1)
A42US4O1,Nao,Nao,erro de DOMINIO (estagio 1)
A42US5O1,Nao,Nao,erro de DOMINIO (estagio 1)
A42US6O1,Sim,Nao,"dominio ok, erro/vazio de ML TASK (estagio 2)"
A42US7O1,Nao,Nao,erro de DOMINIO (estagio 1)
A42US8O1,Nao,Nao,erro de DOMINIO (estagio 1)
A42US9O1,Nao,Nao,erro de DOMINIO (estagio 1)
A42US10O1,Nao,Nao,erro de DOMINIO (estagio 1)
